2025-06-27 21:35:52,429 [INFO] ✅ Spark connection created successfully.
2025-06-27 21:35:55,012 [INFO] ✅ Selection dataframe created from Kafka stream
2025-06-27 21:35:55,056 [WARNING] Cluster.__init__ called with contact_points specified, but no load_balancing_policy. In the next major version, this will raise an error; please specify a load-balancing policy. (contact_points = ['localhost'], lbp = None)
2025-06-27 21:35:55,462 [INFO] Using datacenter 'datacenter1' for DCAwareRoundRobinPolicy (via host '127.0.0.1:9042'); if incorrect, please specify a local_dc to the constructor, or limit contact points to local cluster nodes
2025-06-27 21:35:55,789 [INFO] ⚡ Streaming started with feature extraction...
2025-06-27 21:35:55,823 [INFO] Callback Server Starting
2025-06-27 21:35:55,824 [INFO] Socket listening on ('127.0.0.1', 42717)
2025-06-27 21:35:58,636 [INFO] Python Server ready to receive messages
2025-06-27 21:35:58,637 [INFO] Received command c on object id p0
2025-06-27 21:36:39,241 [INFO] Received command c on object id p0
2025-06-27 21:37:12,786 [INFO] Received command c on object id p0
2025-06-27 21:39:20,551 [INFO] Received command c on object id p0
2025-06-27 21:41:27,354 [INFO] Received command c on object id p0
2025-06-27 21:43:02,945 [INFO] Error while receiving.
Traceback (most recent call last):
  File "/home/anhkhoa/.venv/lib/python3.10/site-packages/py4j/clientserver.py", line 511, in send_command
    answer = smart_decode(self.stream.readline()[:-1])
RuntimeError: reentrant call inside <_io.BufferedReader name=4>
2025-06-27 21:43:03,031 [INFO] Closing down clientserver connection
2025-06-27 21:43:03,033 [ERROR] Exception while sending command.
Traceback (most recent call last):
  File "/home/anhkhoa/.venv/lib/python3.10/site-packages/py4j/clientserver.py", line 511, in send_command
    answer = smart_decode(self.stream.readline()[:-1])
RuntimeError: reentrant call inside <_io.BufferedReader name=4>

During handling of the above exception, another exception occurred:

Traceback (most recent call last):
  File "/home/anhkhoa/.venv/lib/python3.10/site-packages/py4j/java_gateway.py", line 1038, in send_command
    response = connection.send_command(command)
  File "/home/anhkhoa/.venv/lib/python3.10/site-packages/py4j/clientserver.py", line 539, in send_command
    raise Py4JNetworkError(
py4j.protocol.Py4JNetworkError: Error while sending or receiving
2025-06-27 21:43:03,037 [INFO] Error while receiving.
Traceback (most recent call last):
  File "/home/anhkhoa/.venv/lib/python3.10/site-packages/py4j/clientserver.py", line 511, in send_command
    answer = smart_decode(self.stream.readline()[:-1])
  File "/usr/lib/python3.10/socket.py", line 705, in readinto
    return self._sock.recv_into(b)
  File "/home/anhkhoa/.venv/lib/python3.10/site-packages/pyspark/context.py", line 381, in signal_handler
    self.cancelAllJobs()
  File "/home/anhkhoa/.venv/lib/python3.10/site-packages/pyspark/context.py", line 2446, in cancelAllJobs
    self._jsc.sc().cancelAllJobs()
  File "/home/anhkhoa/.venv/lib/python3.10/site-packages/py4j/java_gateway.py", line 1322, in __call__
    return_value = get_return_value(
  File "/home/anhkhoa/.venv/lib/python3.10/site-packages/pyspark/errors/exceptions/captured.py", line 179, in deco
    return f(*a, **kw)
  File "/home/anhkhoa/.venv/lib/python3.10/site-packages/py4j/protocol.py", line 334, in get_return_value
    raise Py4JError(
py4j.protocol.Py4JError: An error occurred while calling o30.sc
2025-06-27 21:43:03,041 [INFO] Closing down clientserver connection
2025-06-27 21:43:03,041 [ERROR] Exception while sending command.
Traceback (most recent call last):
  File "/home/anhkhoa/.venv/lib/python3.10/site-packages/py4j/clientserver.py", line 511, in send_command
    answer = smart_decode(self.stream.readline()[:-1])
  File "/usr/lib/python3.10/socket.py", line 705, in readinto
    return self._sock.recv_into(b)
  File "/home/anhkhoa/.venv/lib/python3.10/site-packages/pyspark/context.py", line 381, in signal_handler
    self.cancelAllJobs()
  File "/home/anhkhoa/.venv/lib/python3.10/site-packages/pyspark/context.py", line 2446, in cancelAllJobs
    self._jsc.sc().cancelAllJobs()
  File "/home/anhkhoa/.venv/lib/python3.10/site-packages/py4j/java_gateway.py", line 1322, in __call__
    return_value = get_return_value(
  File "/home/anhkhoa/.venv/lib/python3.10/site-packages/pyspark/errors/exceptions/captured.py", line 179, in deco
    return f(*a, **kw)
  File "/home/anhkhoa/.venv/lib/python3.10/site-packages/py4j/protocol.py", line 334, in get_return_value
    raise Py4JError(
py4j.protocol.Py4JError: An error occurred while calling o30.sc

During handling of the above exception, another exception occurred:

Traceback (most recent call last):
  File "/home/anhkhoa/.venv/lib/python3.10/site-packages/py4j/java_gateway.py", line 1038, in send_command
    response = connection.send_command(command)
  File "/home/anhkhoa/.venv/lib/python3.10/site-packages/py4j/clientserver.py", line 539, in send_command
    raise Py4JNetworkError(
py4j.protocol.Py4JNetworkError: Error while sending or receiving
2025-06-27 21:43:03,042 [INFO] Closing down clientserver connection
2025-06-27 21:43:03,548 [INFO] Closing down clientserver connection
2025-06-27 21:43:31,132 [INFO] ✅ Spark connection created successfully.
2025-06-27 21:43:33,808 [INFO] ✅ Selection dataframe created from Kafka stream
2025-06-27 21:43:33,849 [WARNING] Cluster.__init__ called with contact_points specified, but no load_balancing_policy. In the next major version, this will raise an error; please specify a load-balancing policy. (contact_points = ['localhost'], lbp = None)
2025-06-27 21:43:34,135 [INFO] Using datacenter 'datacenter1' for DCAwareRoundRobinPolicy (via host '127.0.0.1:9042'); if incorrect, please specify a local_dc to the constructor, or limit contact points to local cluster nodes
2025-06-27 21:43:35,733 [INFO] ⚡ Streaming started with feature extraction...
2025-06-27 21:43:35,763 [INFO] Callback Server Starting
2025-06-27 21:43:35,763 [INFO] Socket listening on ('127.0.0.1', 44765)
2025-06-27 21:43:37,777 [INFO] Python Server ready to receive messages
2025-06-27 21:43:37,778 [INFO] Received command c on object id p0
2025-06-27 21:46:00,559 [INFO] Received command c on object id p0
2025-06-27 21:46:46,232 [INFO] Error while receiving.
Traceback (most recent call last):
  File "/home/anhkhoa/.venv/lib/python3.10/site-packages/py4j/clientserver.py", line 511, in send_command
    answer = smart_decode(self.stream.readline()[:-1])
RuntimeError: reentrant call inside <_io.BufferedReader name=4>
2025-06-27 21:46:46,254 [INFO] Closing down clientserver connection
2025-06-27 21:46:46,254 [ERROR] Exception while sending command.
Traceback (most recent call last):
  File "/home/anhkhoa/.venv/lib/python3.10/site-packages/py4j/clientserver.py", line 511, in send_command
    answer = smart_decode(self.stream.readline()[:-1])
RuntimeError: reentrant call inside <_io.BufferedReader name=4>

During handling of the above exception, another exception occurred:

Traceback (most recent call last):
  File "/home/anhkhoa/.venv/lib/python3.10/site-packages/py4j/java_gateway.py", line 1038, in send_command
    response = connection.send_command(command)
  File "/home/anhkhoa/.venv/lib/python3.10/site-packages/py4j/clientserver.py", line 539, in send_command
    raise Py4JNetworkError(
py4j.protocol.Py4JNetworkError: Error while sending or receiving
2025-06-27 21:46:46,259 [INFO] Error while receiving.
Traceback (most recent call last):
  File "/home/anhkhoa/.venv/lib/python3.10/site-packages/py4j/clientserver.py", line 511, in send_command
    answer = smart_decode(self.stream.readline()[:-1])
  File "/usr/lib/python3.10/socket.py", line 705, in readinto
    return self._sock.recv_into(b)
  File "/home/anhkhoa/.venv/lib/python3.10/site-packages/pyspark/context.py", line 381, in signal_handler
    self.cancelAllJobs()
  File "/home/anhkhoa/.venv/lib/python3.10/site-packages/pyspark/context.py", line 2446, in cancelAllJobs
    self._jsc.sc().cancelAllJobs()
  File "/home/anhkhoa/.venv/lib/python3.10/site-packages/py4j/java_gateway.py", line 1322, in __call__
    return_value = get_return_value(
  File "/home/anhkhoa/.venv/lib/python3.10/site-packages/pyspark/errors/exceptions/captured.py", line 179, in deco
    return f(*a, **kw)
  File "/home/anhkhoa/.venv/lib/python3.10/site-packages/py4j/protocol.py", line 334, in get_return_value
    raise Py4JError(
py4j.protocol.Py4JError: An error occurred while calling o30.sc
2025-06-27 21:46:46,269 [INFO] Closing down clientserver connection
2025-06-27 21:46:46,269 [ERROR] Exception while sending command.
Traceback (most recent call last):
  File "/home/anhkhoa/.venv/lib/python3.10/site-packages/py4j/clientserver.py", line 511, in send_command
    answer = smart_decode(self.stream.readline()[:-1])
  File "/usr/lib/python3.10/socket.py", line 705, in readinto
    return self._sock.recv_into(b)
  File "/home/anhkhoa/.venv/lib/python3.10/site-packages/pyspark/context.py", line 381, in signal_handler
    self.cancelAllJobs()
  File "/home/anhkhoa/.venv/lib/python3.10/site-packages/pyspark/context.py", line 2446, in cancelAllJobs
    self._jsc.sc().cancelAllJobs()
  File "/home/anhkhoa/.venv/lib/python3.10/site-packages/py4j/java_gateway.py", line 1322, in __call__
    return_value = get_return_value(
  File "/home/anhkhoa/.venv/lib/python3.10/site-packages/pyspark/errors/exceptions/captured.py", line 179, in deco
    return f(*a, **kw)
  File "/home/anhkhoa/.venv/lib/python3.10/site-packages/py4j/protocol.py", line 334, in get_return_value
    raise Py4JError(
py4j.protocol.Py4JError: An error occurred while calling o30.sc

During handling of the above exception, another exception occurred:

Traceback (most recent call last):
  File "/home/anhkhoa/.venv/lib/python3.10/site-packages/py4j/java_gateway.py", line 1038, in send_command
    response = connection.send_command(command)
  File "/home/anhkhoa/.venv/lib/python3.10/site-packages/py4j/clientserver.py", line 539, in send_command
    raise Py4JNetworkError(
py4j.protocol.Py4JNetworkError: Error while sending or receiving
2025-06-27 21:46:46,270 [INFO] Closing down clientserver connection
2025-06-27 21:46:46,346 [INFO] Closing down clientserver connection
2025-06-27 21:47:14,921 [INFO] ✅ Spark connection created successfully.
2025-06-27 21:47:17,370 [INFO] ✅ Selection dataframe created from Kafka stream
2025-06-27 21:47:17,401 [WARNING] Cluster.__init__ called with contact_points specified, but no load_balancing_policy. In the next major version, this will raise an error; please specify a load-balancing policy. (contact_points = ['localhost'], lbp = None)
2025-06-27 21:47:17,641 [INFO] Using datacenter 'datacenter1' for DCAwareRoundRobinPolicy (via host '127.0.0.1:9042'); if incorrect, please specify a local_dc to the constructor, or limit contact points to local cluster nodes
2025-06-27 21:47:16,772 [INFO] ⚡ Streaming started with feature extraction...
2025-06-27 21:47:16,806 [INFO] Callback Server Starting
2025-06-27 21:47:16,806 [INFO] Socket listening on ('127.0.0.1', 44015)
2025-06-27 21:47:18,597 [INFO] Python Server ready to receive messages
2025-06-27 21:47:18,598 [INFO] Received command c on object id p0
2025-06-27 21:49:57,677 [INFO] Received command c on object id p0
2025-06-27 21:51:59,689 [INFO] Error while receiving.
Traceback (most recent call last):
  File "/home/anhkhoa/.venv/lib/python3.10/site-packages/py4j/clientserver.py", line 511, in send_command
    answer = smart_decode(self.stream.readline()[:-1])
RuntimeError: reentrant call inside <_io.BufferedReader name=4>
2025-06-27 21:51:59,693 [INFO] Closing down clientserver connection
2025-06-27 21:51:59,693 [ERROR] Exception while sending command.
Traceback (most recent call last):
  File "/home/anhkhoa/.venv/lib/python3.10/site-packages/py4j/clientserver.py", line 511, in send_command
    answer = smart_decode(self.stream.readline()[:-1])
RuntimeError: reentrant call inside <_io.BufferedReader name=4>

During handling of the above exception, another exception occurred:

Traceback (most recent call last):
  File "/home/anhkhoa/.venv/lib/python3.10/site-packages/py4j/java_gateway.py", line 1038, in send_command
    response = connection.send_command(command)
  File "/home/anhkhoa/.venv/lib/python3.10/site-packages/py4j/clientserver.py", line 539, in send_command
    raise Py4JNetworkError(
py4j.protocol.Py4JNetworkError: Error while sending or receiving
2025-06-27 21:51:59,695 [INFO] Error while receiving.
Traceback (most recent call last):
  File "/home/anhkhoa/.venv/lib/python3.10/site-packages/py4j/clientserver.py", line 511, in send_command
    answer = smart_decode(self.stream.readline()[:-1])
  File "/usr/lib/python3.10/socket.py", line 705, in readinto
    return self._sock.recv_into(b)
  File "/home/anhkhoa/.venv/lib/python3.10/site-packages/pyspark/context.py", line 381, in signal_handler
    self.cancelAllJobs()
  File "/home/anhkhoa/.venv/lib/python3.10/site-packages/pyspark/context.py", line 2446, in cancelAllJobs
    self._jsc.sc().cancelAllJobs()
  File "/home/anhkhoa/.venv/lib/python3.10/site-packages/py4j/java_gateway.py", line 1322, in __call__
    return_value = get_return_value(
  File "/home/anhkhoa/.venv/lib/python3.10/site-packages/pyspark/errors/exceptions/captured.py", line 179, in deco
    return f(*a, **kw)
  File "/home/anhkhoa/.venv/lib/python3.10/site-packages/py4j/protocol.py", line 334, in get_return_value
    raise Py4JError(
py4j.protocol.Py4JError: An error occurred while calling o30.sc
2025-06-27 21:51:59,699 [INFO] Closing down clientserver connection
2025-06-27 21:51:59,699 [ERROR] Exception while sending command.
Traceback (most recent call last):
  File "/home/anhkhoa/.venv/lib/python3.10/site-packages/py4j/clientserver.py", line 511, in send_command
    answer = smart_decode(self.stream.readline()[:-1])
  File "/usr/lib/python3.10/socket.py", line 705, in readinto
    return self._sock.recv_into(b)
  File "/home/anhkhoa/.venv/lib/python3.10/site-packages/pyspark/context.py", line 381, in signal_handler
    self.cancelAllJobs()
  File "/home/anhkhoa/.venv/lib/python3.10/site-packages/pyspark/context.py", line 2446, in cancelAllJobs
    self._jsc.sc().cancelAllJobs()
  File "/home/anhkhoa/.venv/lib/python3.10/site-packages/py4j/java_gateway.py", line 1322, in __call__
    return_value = get_return_value(
  File "/home/anhkhoa/.venv/lib/python3.10/site-packages/pyspark/errors/exceptions/captured.py", line 179, in deco
    return f(*a, **kw)
  File "/home/anhkhoa/.venv/lib/python3.10/site-packages/py4j/protocol.py", line 334, in get_return_value
    raise Py4JError(
py4j.protocol.Py4JError: An error occurred while calling o30.sc

During handling of the above exception, another exception occurred:

Traceback (most recent call last):
  File "/home/anhkhoa/.venv/lib/python3.10/site-packages/py4j/java_gateway.py", line 1038, in send_command
    response = connection.send_command(command)
  File "/home/anhkhoa/.venv/lib/python3.10/site-packages/py4j/clientserver.py", line 539, in send_command
    raise Py4JNetworkError(
py4j.protocol.Py4JNetworkError: Error while sending or receiving
2025-06-27 21:51:59,699 [INFO] Closing down clientserver connection
2025-06-27 21:51:59,744 [INFO] Closing down clientserver connection
2025-06-27 21:52:22,201 [INFO] ✅ Spark connection created successfully.
2025-06-27 21:52:24,727 [INFO] ✅ Selection dataframe created from Kafka stream
2025-06-27 21:52:24,763 [WARNING] Cluster.__init__ called with contact_points specified, but no load_balancing_policy. In the next major version, this will raise an error; please specify a load-balancing policy. (contact_points = ['localhost'], lbp = None)
2025-06-27 21:52:25,042 [INFO] Using datacenter 'datacenter1' for DCAwareRoundRobinPolicy (via host '127.0.0.1:9042'); if incorrect, please specify a local_dc to the constructor, or limit contact points to local cluster nodes
2025-06-27 21:52:25,798 [INFO] ⚡ Streaming started with feature extraction...
2025-06-27 21:52:25,827 [INFO] Callback Server Starting
2025-06-27 21:52:25,827 [INFO] Socket listening on ('127.0.0.1', 39963)
2025-06-27 21:52:26,114 [INFO] Python Server ready to receive messages
2025-06-27 21:52:26,115 [INFO] Received command c on object id p0
2025-06-27 21:56:54,109 [INFO] Received command c on object id p0
2025-06-27 22:00:15,242 [INFO] Received command c on object id p0
2025-06-27 22:01:08,489 [INFO] Error while receiving.
Traceback (most recent call last):
  File "/home/anhkhoa/.venv/lib/python3.10/site-packages/py4j/clientserver.py", line 511, in send_command
    answer = smart_decode(self.stream.readline()[:-1])
RuntimeError: reentrant call inside <_io.BufferedReader name=4>
2025-06-27 22:01:08,586 [INFO] Closing down clientserver connection
2025-06-27 22:01:08,588 [ERROR] Exception while sending command.
Traceback (most recent call last):
  File "/home/anhkhoa/.venv/lib/python3.10/site-packages/py4j/clientserver.py", line 511, in send_command
    answer = smart_decode(self.stream.readline()[:-1])
RuntimeError: reentrant call inside <_io.BufferedReader name=4>

During handling of the above exception, another exception occurred:

Traceback (most recent call last):
  File "/home/anhkhoa/.venv/lib/python3.10/site-packages/py4j/java_gateway.py", line 1038, in send_command
    response = connection.send_command(command)
  File "/home/anhkhoa/.venv/lib/python3.10/site-packages/py4j/clientserver.py", line 539, in send_command
    raise Py4JNetworkError(
py4j.protocol.Py4JNetworkError: Error while sending or receiving
2025-06-27 22:01:08,595 [INFO] Error while receiving.
Traceback (most recent call last):
  File "/home/anhkhoa/.venv/lib/python3.10/site-packages/py4j/clientserver.py", line 511, in send_command
    answer = smart_decode(self.stream.readline()[:-1])
  File "/usr/lib/python3.10/socket.py", line 705, in readinto
    return self._sock.recv_into(b)
  File "/home/anhkhoa/.venv/lib/python3.10/site-packages/pyspark/context.py", line 381, in signal_handler
    self.cancelAllJobs()
  File "/home/anhkhoa/.venv/lib/python3.10/site-packages/pyspark/context.py", line 2446, in cancelAllJobs
    self._jsc.sc().cancelAllJobs()
  File "/home/anhkhoa/.venv/lib/python3.10/site-packages/py4j/java_gateway.py", line 1322, in __call__
    return_value = get_return_value(
  File "/home/anhkhoa/.venv/lib/python3.10/site-packages/pyspark/errors/exceptions/captured.py", line 179, in deco
    return f(*a, **kw)
  File "/home/anhkhoa/.venv/lib/python3.10/site-packages/py4j/protocol.py", line 334, in get_return_value
    raise Py4JError(
py4j.protocol.Py4JError: An error occurred while calling o30.sc
2025-06-27 22:01:08,610 [INFO] Closing down clientserver connection
2025-06-27 22:01:08,610 [ERROR] Exception while sending command.
Traceback (most recent call last):
  File "/home/anhkhoa/.venv/lib/python3.10/site-packages/py4j/clientserver.py", line 511, in send_command
    answer = smart_decode(self.stream.readline()[:-1])
  File "/usr/lib/python3.10/socket.py", line 705, in readinto
    return self._sock.recv_into(b)
  File "/home/anhkhoa/.venv/lib/python3.10/site-packages/pyspark/context.py", line 381, in signal_handler
    self.cancelAllJobs()
  File "/home/anhkhoa/.venv/lib/python3.10/site-packages/pyspark/context.py", line 2446, in cancelAllJobs
    self._jsc.sc().cancelAllJobs()
  File "/home/anhkhoa/.venv/lib/python3.10/site-packages/py4j/java_gateway.py", line 1322, in __call__
    return_value = get_return_value(
  File "/home/anhkhoa/.venv/lib/python3.10/site-packages/pyspark/errors/exceptions/captured.py", line 179, in deco
    return f(*a, **kw)
  File "/home/anhkhoa/.venv/lib/python3.10/site-packages/py4j/protocol.py", line 334, in get_return_value
    raise Py4JError(
py4j.protocol.Py4JError: An error occurred while calling o30.sc

During handling of the above exception, another exception occurred:

Traceback (most recent call last):
  File "/home/anhkhoa/.venv/lib/python3.10/site-packages/py4j/java_gateway.py", line 1038, in send_command
    response = connection.send_command(command)
  File "/home/anhkhoa/.venv/lib/python3.10/site-packages/py4j/clientserver.py", line 539, in send_command
    raise Py4JNetworkError(
py4j.protocol.Py4JNetworkError: Error while sending or receiving
2025-06-27 22:01:08,611 [INFO] Closing down clientserver connection
2025-06-27 22:01:09,362 [INFO] Closing down clientserver connection
2025-06-28 00:09:38,176 [INFO] ✅ Spark connection created successfully.
2025-06-28 00:09:40,568 [INFO] ✅ Selection dataframe created from Kafka stream
2025-06-28 00:09:40,614 [WARNING] Cluster.__init__ called with contact_points specified, but no load_balancing_policy. In the next major version, this will raise an error; please specify a load-balancing policy. (contact_points = ['localhost'], lbp = None)
2025-06-28 00:09:41,052 [INFO] Using datacenter 'datacenter1' for DCAwareRoundRobinPolicy (via host '127.0.0.1:9042'); if incorrect, please specify a local_dc to the constructor, or limit contact points to local cluster nodes
2025-06-28 00:09:41,360 [INFO] ⚡ Streaming started with feature extraction...
2025-06-28 00:09:41,394 [INFO] Callback Server Starting
2025-06-28 00:09:41,394 [INFO] Socket listening on ('127.0.0.1', 44111)
2025-06-28 00:09:43,688 [INFO] Python Server ready to receive messages
2025-06-28 00:09:43,689 [INFO] Received command c on object id p0
2025-06-28 00:10:10,128 [INFO] Received command c on object id p0
2025-06-28 00:11:39,113 [INFO] Received command c on object id p0
2025-06-28 00:12:34,954 [INFO] Received command c on object id p0
2025-06-28 00:13:23,365 [INFO] Received command c on object id p0
2025-06-28 00:14:31,810 [INFO] Received command c on object id p0
2025-06-28 00:15:31,126 [INFO] Received command c on object id p0
2025-06-28 00:16:39,916 [INFO] Received command c on object id p0
2025-06-28 00:17:28,494 [INFO] Received command c on object id p0
2025-06-28 00:18:18,524 [INFO] Received command c on object id p0
2025-06-28 00:19:12,484 [INFO] Received command c on object id p0
2025-06-28 00:19:51,134 [INFO] Received command c on object id p0
2025-06-28 00:20:35,333 [INFO] Received command c on object id p0
2025-06-28 00:21:29,725 [INFO] Received command c on object id p0
2025-06-28 00:22:28,410 [INFO] Received command c on object id p0
2025-06-28 00:23:18,342 [INFO] Received command c on object id p0
2025-06-28 00:24:21,150 [INFO] Received command c on object id p0
2025-06-28 00:25:29,278 [INFO] Received command c on object id p0
2025-06-28 00:26:43,175 [INFO] Received command c on object id p0
2025-06-28 00:27:39,900 [INFO] Received command c on object id p0
2025-06-28 00:28:28,663 [INFO] Received command c on object id p0
2025-06-28 00:29:27,791 [INFO] Received command c on object id p0
2025-06-28 00:30:28,720 [INFO] Received command c on object id p0
2025-06-28 00:31:38,078 [INFO] Received command c on object id p0
2025-06-28 00:32:30,409 [INFO] Received command c on object id p0
2025-06-28 00:33:25,006 [INFO] Received command c on object id p0
2025-06-28 00:34:47,114 [INFO] Received command c on object id p0
2025-06-28 00:35:28,154 [INFO] Received command c on object id p0
2025-06-28 00:36:24,366 [INFO] Received command c on object id p0
2025-06-28 00:37:20,390 [INFO] Received command c on object id p0
2025-06-28 00:38:10,661 [INFO] Received command c on object id p0
2025-06-28 00:39:23,888 [INFO] Received command c on object id p0
2025-06-28 00:40:13,613 [INFO] Received command c on object id p0
2025-06-28 00:41:09,763 [INFO] Received command c on object id p0
2025-06-28 00:41:45,973 [INFO] Received command c on object id p0
2025-06-28 00:42:27,968 [INFO] Received command c on object id p0
2025-06-28 00:43:08,016 [INFO] Received command c on object id p0
2025-06-28 00:44:17,037 [INFO] Received command c on object id p0
2025-06-28 00:45:12,753 [INFO] Received command c on object id p0
2025-06-28 00:45:53,088 [INFO] Received command c on object id p0
2025-06-28 00:47:04,453 [INFO] Received command c on object id p0
2025-06-28 00:47:49,526 [INFO] Received command c on object id p0
2025-06-28 00:48:36,096 [INFO] Received command c on object id p0
2025-06-28 00:49:42,577 [INFO] Received command c on object id p0
2025-06-28 00:50:05,983 [INFO] Error while receiving.
Traceback (most recent call last):
  File "/home/anhkhoa/.venv/lib/python3.10/site-packages/py4j/clientserver.py", line 511, in send_command
    answer = smart_decode(self.stream.readline()[:-1])
RuntimeError: reentrant call inside <_io.BufferedReader name=4>
2025-06-28 00:50:06,087 [INFO] Closing down clientserver connection
2025-06-28 00:50:06,089 [ERROR] Exception while sending command.
Traceback (most recent call last):
  File "/home/anhkhoa/.venv/lib/python3.10/site-packages/py4j/clientserver.py", line 511, in send_command
    answer = smart_decode(self.stream.readline()[:-1])
RuntimeError: reentrant call inside <_io.BufferedReader name=4>

During handling of the above exception, another exception occurred:

Traceback (most recent call last):
  File "/home/anhkhoa/.venv/lib/python3.10/site-packages/py4j/java_gateway.py", line 1038, in send_command
    response = connection.send_command(command)
  File "/home/anhkhoa/.venv/lib/python3.10/site-packages/py4j/clientserver.py", line 539, in send_command
    raise Py4JNetworkError(
py4j.protocol.Py4JNetworkError: Error while sending or receiving
2025-06-28 00:50:06,094 [INFO] Error while receiving.
Traceback (most recent call last):
  File "/home/anhkhoa/.venv/lib/python3.10/site-packages/py4j/clientserver.py", line 511, in send_command
    answer = smart_decode(self.stream.readline()[:-1])
  File "/usr/lib/python3.10/socket.py", line 705, in readinto
    return self._sock.recv_into(b)
  File "/home/anhkhoa/.venv/lib/python3.10/site-packages/pyspark/context.py", line 381, in signal_handler
    self.cancelAllJobs()
  File "/home/anhkhoa/.venv/lib/python3.10/site-packages/pyspark/context.py", line 2446, in cancelAllJobs
    self._jsc.sc().cancelAllJobs()
  File "/home/anhkhoa/.venv/lib/python3.10/site-packages/py4j/java_gateway.py", line 1322, in __call__
    return_value = get_return_value(
  File "/home/anhkhoa/.venv/lib/python3.10/site-packages/pyspark/errors/exceptions/captured.py", line 179, in deco
    return f(*a, **kw)
  File "/home/anhkhoa/.venv/lib/python3.10/site-packages/py4j/protocol.py", line 334, in get_return_value
    raise Py4JError(
py4j.protocol.Py4JError: An error occurred while calling o30.sc
2025-06-28 00:50:06,101 [INFO] Closing down clientserver connection
2025-06-28 00:50:06,101 [ERROR] Exception while sending command.
Traceback (most recent call last):
  File "/home/anhkhoa/.venv/lib/python3.10/site-packages/py4j/clientserver.py", line 511, in send_command
    answer = smart_decode(self.stream.readline()[:-1])
  File "/usr/lib/python3.10/socket.py", line 705, in readinto
    return self._sock.recv_into(b)
  File "/home/anhkhoa/.venv/lib/python3.10/site-packages/pyspark/context.py", line 381, in signal_handler
    self.cancelAllJobs()
  File "/home/anhkhoa/.venv/lib/python3.10/site-packages/pyspark/context.py", line 2446, in cancelAllJobs
    self._jsc.sc().cancelAllJobs()
  File "/home/anhkhoa/.venv/lib/python3.10/site-packages/py4j/java_gateway.py", line 1322, in __call__
    return_value = get_return_value(
  File "/home/anhkhoa/.venv/lib/python3.10/site-packages/pyspark/errors/exceptions/captured.py", line 179, in deco
    return f(*a, **kw)
  File "/home/anhkhoa/.venv/lib/python3.10/site-packages/py4j/protocol.py", line 334, in get_return_value
    raise Py4JError(
py4j.protocol.Py4JError: An error occurred while calling o30.sc

During handling of the above exception, another exception occurred:

Traceback (most recent call last):
  File "/home/anhkhoa/.venv/lib/python3.10/site-packages/py4j/java_gateway.py", line 1038, in send_command
    response = connection.send_command(command)
  File "/home/anhkhoa/.venv/lib/python3.10/site-packages/py4j/clientserver.py", line 539, in send_command
    raise Py4JNetworkError(
py4j.protocol.Py4JNetworkError: Error while sending or receiving
2025-06-28 00:50:06,101 [INFO] Closing down clientserver connection
2025-06-28 00:50:06,885 [INFO] Closing down clientserver connection
2025-06-28 13:01:38,877 [INFO] ✅ Spark connection created successfully.
2025-06-28 13:01:41,114 [INFO] ✅ Selection dataframe created from Kafka stream
2025-06-28 13:01:41,151 [WARNING] Cluster.__init__ called with contact_points specified, but no load_balancing_policy. In the next major version, this will raise an error; please specify a load-balancing policy. (contact_points = ['localhost'], lbp = None)
2025-06-28 13:01:41,477 [INFO] Using datacenter 'datacenter1' for DCAwareRoundRobinPolicy (via host '127.0.0.1:9042'); if incorrect, please specify a local_dc to the constructor, or limit contact points to local cluster nodes
2025-06-28 13:01:41,826 [INFO] ⚡ Streaming started with feature extraction...
2025-06-28 13:01:41,845 [INFO] Callback Server Starting
2025-06-28 13:01:41,846 [INFO] Socket listening on ('127.0.0.1', 46051)
2025-06-28 13:01:44,553 [INFO] Python Server ready to receive messages
2025-06-28 13:01:44,553 [INFO] Received command c on object id p0
2025-06-28 13:13:40,143 [INFO] Received command c on object id p0
2025-06-28 13:14:28,211 [INFO] Received command c on object id p0
2025-06-28 13:16:50,645 [INFO] Received command c on object id p0
2025-06-28 13:19:22,761 [INFO] Received command c on object id p0
2025-06-28 13:21:32,627 [INFO] Received command c on object id p0
2025-06-28 13:24:05,676 [INFO] Received command c on object id p0
2025-06-28 13:26:14,972 [INFO] Received command c on object id p0
2025-06-28 13:28:42,615 [INFO] Received command c on object id p0
2025-06-28 13:31:00,435 [INFO] Received command c on object id p0
2025-06-28 13:33:38,770 [INFO] Received command c on object id p0
2025-06-28 13:36:30,015 [INFO] Received command c on object id p0
2025-06-28 13:38:55,679 [INFO] Received command c on object id p0
2025-06-28 15:12:50,722 [INFO] ✅ Spark connection created successfully.
2025-06-28 15:12:52,945 [INFO] ✅ Selection dataframe created from Kafka stream
2025-06-28 15:12:52,977 [WARNING] Cluster.__init__ called with contact_points specified, but no load_balancing_policy. In the next major version, this will raise an error; please specify a load-balancing policy. (contact_points = ['localhost'], lbp = None)
2025-06-28 15:12:53,225 [INFO] Using datacenter 'datacenter1' for DCAwareRoundRobinPolicy (via host '127.0.0.1:9042'); if incorrect, please specify a local_dc to the constructor, or limit contact points to local cluster nodes
2025-06-28 15:12:53,725 [INFO] ⚡ Streaming started with feature extraction...
2025-06-28 15:12:53,741 [INFO] Callback Server Starting
2025-06-28 15:12:53,744 [INFO] Socket listening on ('127.0.0.1', 46871)
2025-06-28 15:12:55,957 [INFO] Python Server ready to receive messages
2025-06-28 15:12:55,958 [INFO] Received command c on object id p0
2025-06-28 15:14:06,683 [INFO] Received command c on object id p0
2025-06-28 15:14:44,030 [INFO] Received command c on object id p0
2025-06-28 15:16:58,363 [INFO] Received command c on object id p0
2025-06-28 15:19:18,586 [INFO] Received command c on object id p0
2025-06-28 15:21:26,114 [INFO] Received command c on object id p0
2025-06-28 15:25:58,962 [WARNING] Heartbeat failed for connection (140167182767664) to 127.0.0.1:9042
2025-06-28 15:29:09,908 [WARNING] [control connection] Error connecting to 127.0.0.1:9042:
Traceback (most recent call last):
  File "cassandra/cluster.py", line 3577, in cassandra.cluster.ControlConnection._reconnect_internal
  File "cassandra/cluster.py", line 3599, in cassandra.cluster.ControlConnection._try_connect
  File "cassandra/cluster.py", line 1670, in cassandra.cluster.Cluster.connection_factory
  File "cassandra/connection.py", line 855, in cassandra.connection.Connection.factory
cassandra.OperationTimedOut: errors=Timed out creating connection (5 seconds), last_host=None
2025-06-28 15:35:44,357 [INFO] ✅ Spark connection created successfully.
2025-06-28 15:35:44,114 [INFO] ✅ Selection dataframe created from Kafka stream
2025-06-28 15:35:44,145 [WARNING] Cluster.__init__ called with contact_points specified, but no load_balancing_policy. In the next major version, this will raise an error; please specify a load-balancing policy. (contact_points = ['localhost'], lbp = None)
2025-06-28 15:35:44,366 [INFO] Using datacenter 'datacenter1' for DCAwareRoundRobinPolicy (via host '127.0.0.1:9042'); if incorrect, please specify a local_dc to the constructor, or limit contact points to local cluster nodes
2025-06-28 15:35:44,411 [INFO] ⚡ Streaming started with feature extraction...
2025-06-28 15:35:44,435 [INFO] Callback Server Starting
2025-06-28 15:35:44,435 [INFO] Socket listening on ('127.0.0.1', 39957)
2025-06-28 15:37:15,448 [INFO] Python Server ready to receive messages
2025-06-28 15:37:15,450 [INFO] Received command c on object id p0
2025-06-28 15:38:53,665 [INFO] Received command c on object id p0
2025-06-28 15:39:26,660 [INFO] Received command c on object id p0
2025-06-28 15:40:12,734 [INFO] Received command c on object id p0
2025-06-28 15:41:00,141 [INFO] Received command c on object id p0
2025-06-28 15:41:42,906 [INFO] Received command c on object id p0
2025-06-28 15:42:13,715 [INFO] Received command c on object id p0
2025-06-28 15:43:07,514 [INFO] Received command c on object id p0
2025-06-28 15:43:46,162 [INFO] Received command c on object id p0
2025-06-28 15:44:21,365 [INFO] Received command c on object id p0
2025-06-28 15:44:58,206 [INFO] Received command c on object id p0
2025-06-28 15:45:37,769 [INFO] Received command c on object id p0
2025-06-28 15:46:19,062 [INFO] Received command c on object id p0
2025-06-28 15:46:57,225 [INFO] Received command c on object id p0
2025-06-28 15:47:46,514 [INFO] Received command c on object id p0
2025-06-28 15:48:31,463 [INFO] Received command c on object id p0
2025-06-28 15:50:48,338 [INFO] Error while receiving.
Traceback (most recent call last):
  File "/home/anhkhoa/.venv/lib/python3.10/site-packages/py4j/clientserver.py", line 511, in send_command
    answer = smart_decode(self.stream.readline()[:-1])
RuntimeError: reentrant call inside <_io.BufferedReader name=4>

During handling of the above exception, another exception occurred:

Traceback (most recent call last):
  File "/home/anhkhoa/.venv/lib/python3.10/site-packages/py4j/clientserver.py", line 511, in send_command
    answer = smart_decode(self.stream.readline()[:-1])
RuntimeError: reentrant call inside <_io.BufferedReader name=4>
2025-06-28 15:50:48,369 [INFO] Closing down clientserver connection
2025-06-28 15:50:48,371 [ERROR] Exception while sending command.
Traceback (most recent call last):
  File "/home/anhkhoa/.venv/lib/python3.10/site-packages/py4j/clientserver.py", line 511, in send_command
    answer = smart_decode(self.stream.readline()[:-1])
RuntimeError: reentrant call inside <_io.BufferedReader name=4>

During handling of the above exception, another exception occurred:

Traceback (most recent call last):
  File "/home/anhkhoa/.venv/lib/python3.10/site-packages/py4j/clientserver.py", line 511, in send_command
    answer = smart_decode(self.stream.readline()[:-1])
RuntimeError: reentrant call inside <_io.BufferedReader name=4>

During handling of the above exception, another exception occurred:

Traceback (most recent call last):
  File "/home/anhkhoa/.venv/lib/python3.10/site-packages/py4j/java_gateway.py", line 1038, in send_command
    response = connection.send_command(command)
  File "/home/anhkhoa/.venv/lib/python3.10/site-packages/py4j/clientserver.py", line 539, in send_command
    raise Py4JNetworkError(
py4j.protocol.Py4JNetworkError: Error while sending or receiving
2025-06-28 15:50:48,478 [INFO] Closing down clientserver connection
2025-06-28 15:50:48,478 [ERROR] Exception while sending command.
Traceback (most recent call last):
  File "/home/anhkhoa/.venv/lib/python3.10/site-packages/py4j/clientserver.py", line 511, in send_command
    answer = smart_decode(self.stream.readline()[:-1])
RuntimeError: reentrant call inside <_io.BufferedReader name=4>

During handling of the above exception, another exception occurred:

Traceback (most recent call last):
  File "/home/anhkhoa/.venv/lib/python3.10/site-packages/py4j/java_gateway.py", line 1038, in send_command
    response = connection.send_command(command)
  File "/home/anhkhoa/.venv/lib/python3.10/site-packages/py4j/clientserver.py", line 539, in send_command
    raise Py4JNetworkError(
py4j.protocol.Py4JNetworkError: Error while sending or receiving
2025-06-28 15:50:48,488 [INFO] Error while receiving.
Traceback (most recent call last):
  File "/home/anhkhoa/.venv/lib/python3.10/site-packages/py4j/clientserver.py", line 511, in send_command
    answer = smart_decode(self.stream.readline()[:-1])
  File "/usr/lib/python3.10/socket.py", line 705, in readinto
    return self._sock.recv_into(b)
  File "/home/anhkhoa/.venv/lib/python3.10/site-packages/pyspark/context.py", line 381, in signal_handler
    self.cancelAllJobs()
  File "/home/anhkhoa/.venv/lib/python3.10/site-packages/pyspark/context.py", line 2446, in cancelAllJobs
    self._jsc.sc().cancelAllJobs()
  File "/home/anhkhoa/.venv/lib/python3.10/site-packages/py4j/java_gateway.py", line 1322, in __call__
    return_value = get_return_value(
  File "/home/anhkhoa/.venv/lib/python3.10/site-packages/pyspark/errors/exceptions/captured.py", line 179, in deco
    return f(*a, **kw)
  File "/home/anhkhoa/.venv/lib/python3.10/site-packages/py4j/protocol.py", line 334, in get_return_value
    raise Py4JError(
py4j.protocol.Py4JError: An error occurred while calling o30.sc
2025-06-28 15:50:48,488 [INFO] Closing down clientserver connection
2025-06-28 15:50:48,488 [ERROR] Exception while sending command.
Traceback (most recent call last):
  File "/home/anhkhoa/.venv/lib/python3.10/site-packages/py4j/clientserver.py", line 511, in send_command
    answer = smart_decode(self.stream.readline()[:-1])
  File "/usr/lib/python3.10/socket.py", line 705, in readinto
    return self._sock.recv_into(b)
  File "/home/anhkhoa/.venv/lib/python3.10/site-packages/pyspark/context.py", line 381, in signal_handler
    self.cancelAllJobs()
  File "/home/anhkhoa/.venv/lib/python3.10/site-packages/pyspark/context.py", line 2446, in cancelAllJobs
    self._jsc.sc().cancelAllJobs()
  File "/home/anhkhoa/.venv/lib/python3.10/site-packages/py4j/java_gateway.py", line 1322, in __call__
    return_value = get_return_value(
  File "/home/anhkhoa/.venv/lib/python3.10/site-packages/pyspark/errors/exceptions/captured.py", line 179, in deco
    return f(*a, **kw)
  File "/home/anhkhoa/.venv/lib/python3.10/site-packages/py4j/protocol.py", line 334, in get_return_value
    raise Py4JError(
py4j.protocol.Py4JError: An error occurred while calling o30.sc

During handling of the above exception, another exception occurred:

Traceback (most recent call last):
  File "/home/anhkhoa/.venv/lib/python3.10/site-packages/py4j/java_gateway.py", line 1038, in send_command
    response = connection.send_command(command)
  File "/home/anhkhoa/.venv/lib/python3.10/site-packages/py4j/clientserver.py", line 539, in send_command
    raise Py4JNetworkError(
py4j.protocol.Py4JNetworkError: Error while sending or receiving
2025-06-28 15:50:48,490 [INFO] Closing down clientserver connection
2025-06-30 00:47:52,519 [INFO] ✅ Spark connection created successfully.
2025-06-30 00:47:55,708 [INFO] ✅ Selection dataframe created from Kafka stream
2025-06-30 00:47:55,766 [WARNING] Cluster.__init__ called with contact_points specified, but no load_balancing_policy. In the next major version, this will raise an error; please specify a load-balancing policy. (contact_points = ['localhost'], lbp = None)
2025-06-30 00:47:56,255 [INFO] Using datacenter 'datacenter1' for DCAwareRoundRobinPolicy (via host '127.0.0.1:9042'); if incorrect, please specify a local_dc to the constructor, or limit contact points to local cluster nodes
2025-06-30 00:47:56,307 [INFO] ⚡ Streaming started with feature extraction...
2025-06-30 00:47:56,326 [INFO] Callback Server Starting
2025-06-30 00:47:56,327 [INFO] Socket listening on ('127.0.0.1', 40945)
2025-06-30 00:50:35,144 [INFO] Closing down clientserver connection
2025-06-30 00:52:04,629 [INFO] ✅ Spark connection created successfully.
2025-06-30 00:52:04,914 [INFO] ✅ Selection dataframe created from Kafka stream
2025-06-30 00:52:04,951 [WARNING] Cluster.__init__ called with contact_points specified, but no load_balancing_policy. In the next major version, this will raise an error; please specify a load-balancing policy. (contact_points = ['localhost'], lbp = None)
2025-06-30 00:52:05,254 [INFO] Using datacenter 'datacenter1' for DCAwareRoundRobinPolicy (via host '127.0.0.1:9042'); if incorrect, please specify a local_dc to the constructor, or limit contact points to local cluster nodes
2025-06-30 00:52:05,307 [INFO] ⚡ Streaming started with feature extraction...
2025-06-30 00:52:05,331 [INFO] Callback Server Starting
2025-06-30 00:52:05,332 [INFO] Socket listening on ('127.0.0.1', 46009)
2025-06-30 00:52:08,216 [INFO] Python Server ready to receive messages
2025-06-30 00:52:08,216 [INFO] Received command c on object id p0
2025-06-30 00:52:09,214 [INFO] Received command c on object id p0
2025-06-30 00:52:28,289 [ERROR] There was an exception while executing the Python Proxy on the Python Side.
Traceback (most recent call last):
  File "/home/anhkhoa/.venv/lib/python3.10/site-packages/py4j/clientserver.py", line 617, in _call_proxy
    return_value = getattr(self.pool[obj_id], method)(*params)
  File "/home/anhkhoa/.venv/lib/python3.10/site-packages/pyspark/sql/utils.py", line 120, in call
    raise e
  File "/home/anhkhoa/.venv/lib/python3.10/site-packages/pyspark/sql/utils.py", line 117, in call
    self.func(DataFrame(jdf, wrapped_session_jdf), batch_id)
  File "/home/anhkhoa/spark_video_streaming/src/pipeline/spark_preprocessing.py", line 265, in process_batch
    print(f"[Batch ID: {batch_id}] Received batch with {batch_df.count()} rows")
  File "/home/anhkhoa/.venv/lib/python3.10/site-packages/pyspark/sql/dataframe.py", line 1240, in count
    return int(self._jdf.count())
  File "/home/anhkhoa/.venv/lib/python3.10/site-packages/py4j/java_gateway.py", line 1322, in __call__
    return_value = get_return_value(
  File "/home/anhkhoa/.venv/lib/python3.10/site-packages/pyspark/errors/exceptions/captured.py", line 185, in deco
    raise converted from None
pyspark.errors.exceptions.captured.PythonException: 
  An exception was thrown from the Python worker. Please see the stack trace below.
Traceback (most recent call last):
  File "/home/anhkhoa/.venv/lib/python3.10/site-packages/pyspark/python/lib/pyspark.zip/pyspark/worker.py", line 1231, in main
    func, profiler, deserializer, serializer = read_udfs(pickleSer, infile, eval_type)
  File "/home/anhkhoa/.venv/lib/python3.10/site-packages/pyspark/python/lib/pyspark.zip/pyspark/worker.py", line 1067, in read_udfs
    udfs.append(read_single_udf(pickleSer, infile, eval_type, runner_conf, udf_index=i))
  File "/home/anhkhoa/.venv/lib/python3.10/site-packages/pyspark/python/lib/pyspark.zip/pyspark/worker.py", line 529, in read_single_udf
    f, return_type = read_command(pickleSer, infile)
  File "/home/anhkhoa/.venv/lib/python3.10/site-packages/pyspark/python/lib/pyspark.zip/pyspark/worker.py", line 90, in read_command
    command = serializer._read_with_length(file)
  File "/home/anhkhoa/.venv/lib/python3.10/site-packages/pyspark/python/lib/pyspark.zip/pyspark/serializers.py", line 174, in _read_with_length
    return self.loads(obj)
  File "/home/anhkhoa/.venv/lib/python3.10/site-packages/pyspark/python/lib/pyspark.zip/pyspark/serializers.py", line 472, in loads
    return cloudpickle.loads(obj, encoding=encoding)
ModuleNotFoundError: No module named 'utils'

2025-06-30 00:52:28,518 [INFO] Closing down clientserver connection
2025-06-30 00:55:02,375 [INFO] ✅ Spark connection created successfully.
2025-06-30 00:55:04,245 [INFO] ✅ Selection dataframe created from Kafka stream
2025-06-30 00:55:04,270 [WARNING] Cluster.__init__ called with contact_points specified, but no load_balancing_policy. In the next major version, this will raise an error; please specify a load-balancing policy. (contact_points = ['localhost'], lbp = None)
2025-06-30 00:55:04,462 [INFO] Using datacenter 'datacenter1' for DCAwareRoundRobinPolicy (via host '127.0.0.1:9042'); if incorrect, please specify a local_dc to the constructor, or limit contact points to local cluster nodes
2025-06-30 00:55:04,487 [INFO] ⚡ Streaming started with feature extraction...
2025-06-30 00:55:04,503 [INFO] Callback Server Starting
2025-06-30 00:55:04,518 [INFO] Socket listening on ('127.0.0.1', 35767)
2025-06-30 00:55:06,134 [INFO] Python Server ready to receive messages
2025-06-30 00:55:06,134 [INFO] Received command c on object id p0
2025-06-30 00:55:54,481 [INFO] Received command c on object id p0
2025-06-30 00:56:34,030 [INFO] Received command c on object id p0
2025-06-30 00:57:56,017 [INFO] Error while receiving.
Traceback (most recent call last):
  File "/home/anhkhoa/.venv/lib/python3.10/site-packages/py4j/clientserver.py", line 511, in send_command
    answer = smart_decode(self.stream.readline()[:-1])
RuntimeError: reentrant call inside <_io.BufferedReader name=4>
2025-06-30 00:57:56,030 [INFO] Closing down clientserver connection
2025-06-30 00:57:56,030 [ERROR] Exception while sending command.
Traceback (most recent call last):
  File "/home/anhkhoa/.venv/lib/python3.10/site-packages/py4j/clientserver.py", line 511, in send_command
    answer = smart_decode(self.stream.readline()[:-1])
RuntimeError: reentrant call inside <_io.BufferedReader name=4>

During handling of the above exception, another exception occurred:

Traceback (most recent call last):
  File "/home/anhkhoa/.venv/lib/python3.10/site-packages/py4j/java_gateway.py", line 1038, in send_command
    response = connection.send_command(command)
  File "/home/anhkhoa/.venv/lib/python3.10/site-packages/py4j/clientserver.py", line 539, in send_command
    raise Py4JNetworkError(
py4j.protocol.Py4JNetworkError: Error while sending or receiving
2025-06-30 00:57:56,033 [INFO] Error while receiving.
Traceback (most recent call last):
  File "/home/anhkhoa/.venv/lib/python3.10/site-packages/py4j/clientserver.py", line 511, in send_command
    answer = smart_decode(self.stream.readline()[:-1])
  File "/usr/lib/python3.10/socket.py", line 705, in readinto
    return self._sock.recv_into(b)
  File "/home/anhkhoa/.venv/lib/python3.10/site-packages/pyspark/context.py", line 381, in signal_handler
    self.cancelAllJobs()
  File "/home/anhkhoa/.venv/lib/python3.10/site-packages/pyspark/context.py", line 2446, in cancelAllJobs
    self._jsc.sc().cancelAllJobs()
  File "/home/anhkhoa/.venv/lib/python3.10/site-packages/py4j/java_gateway.py", line 1322, in __call__
    return_value = get_return_value(
  File "/home/anhkhoa/.venv/lib/python3.10/site-packages/pyspark/errors/exceptions/captured.py", line 179, in deco
    return f(*a, **kw)
  File "/home/anhkhoa/.venv/lib/python3.10/site-packages/py4j/protocol.py", line 334, in get_return_value
    raise Py4JError(
py4j.protocol.Py4JError: An error occurred while calling o30.sc
2025-06-30 00:57:56,037 [INFO] Closing down clientserver connection
2025-06-30 00:57:56,038 [ERROR] Exception while sending command.
Traceback (most recent call last):
  File "/home/anhkhoa/.venv/lib/python3.10/site-packages/py4j/clientserver.py", line 511, in send_command
    answer = smart_decode(self.stream.readline()[:-1])
  File "/usr/lib/python3.10/socket.py", line 705, in readinto
    return self._sock.recv_into(b)
  File "/home/anhkhoa/.venv/lib/python3.10/site-packages/pyspark/context.py", line 381, in signal_handler
    self.cancelAllJobs()
  File "/home/anhkhoa/.venv/lib/python3.10/site-packages/pyspark/context.py", line 2446, in cancelAllJobs
    self._jsc.sc().cancelAllJobs()
  File "/home/anhkhoa/.venv/lib/python3.10/site-packages/py4j/java_gateway.py", line 1322, in __call__
    return_value = get_return_value(
  File "/home/anhkhoa/.venv/lib/python3.10/site-packages/pyspark/errors/exceptions/captured.py", line 179, in deco
    return f(*a, **kw)
  File "/home/anhkhoa/.venv/lib/python3.10/site-packages/py4j/protocol.py", line 334, in get_return_value
    raise Py4JError(
py4j.protocol.Py4JError: An error occurred while calling o30.sc

During handling of the above exception, another exception occurred:

Traceback (most recent call last):
  File "/home/anhkhoa/.venv/lib/python3.10/site-packages/py4j/java_gateway.py", line 1038, in send_command
    response = connection.send_command(command)
  File "/home/anhkhoa/.venv/lib/python3.10/site-packages/py4j/clientserver.py", line 539, in send_command
    raise Py4JNetworkError(
py4j.protocol.Py4JNetworkError: Error while sending or receiving
2025-06-30 00:57:56,038 [INFO] Closing down clientserver connection
2025-06-30 00:57:56,124 [INFO] Closing down clientserver connection
2025-06-30 00:59:18,117 [INFO] ✅ Spark connection created successfully.
2025-06-30 00:59:20,100 [INFO] ✅ Selection dataframe created from Kafka stream
2025-06-30 00:59:20,130 [WARNING] Cluster.__init__ called with contact_points specified, but no load_balancing_policy. In the next major version, this will raise an error; please specify a load-balancing policy. (contact_points = ['localhost'], lbp = None)
2025-06-30 00:59:20,371 [INFO] Using datacenter 'datacenter1' for DCAwareRoundRobinPolicy (via host '127.0.0.1:9042'); if incorrect, please specify a local_dc to the constructor, or limit contact points to local cluster nodes
2025-06-30 00:59:20,415 [INFO] ⚡ Streaming started with feature extraction...
2025-06-30 00:59:20,432 [INFO] Callback Server Starting
2025-06-30 00:59:20,432 [INFO] Socket listening on ('127.0.0.1', 34119)
2025-06-30 00:59:22,190 [INFO] Python Server ready to receive messages
2025-06-30 00:59:22,191 [INFO] Received command c on object id p0
2025-06-30 00:59:29,991 [INFO] Received command c on object id p0
2025-06-30 00:59:30,965 [INFO] Received command c on object id p0
2025-06-30 00:59:31,788 [INFO] Received command c on object id p0
2025-06-30 00:59:32,636 [INFO] Received command c on object id p0
2025-06-30 00:59:33,370 [INFO] Received command c on object id p0
2025-06-30 00:59:34,087 [INFO] Received command c on object id p0
2025-06-30 00:59:34,728 [INFO] Received command c on object id p0
2025-06-30 00:59:35,430 [INFO] Received command c on object id p0
2025-06-30 00:59:36,116 [INFO] Received command c on object id p0
2025-06-30 00:59:34,369 [INFO] Received command c on object id p0
2025-06-30 00:59:35,061 [INFO] Received command c on object id p0
2025-06-30 00:59:35,656 [INFO] Received command c on object id p0
2025-06-30 00:59:36,410 [INFO] Received command c on object id p0
2025-06-30 00:59:37,058 [INFO] Received command c on object id p0
2025-06-30 00:59:37,731 [INFO] Received command c on object id p0
2025-06-30 00:59:38,385 [INFO] Received command c on object id p0
2025-06-30 00:59:39,250 [INFO] Received command c on object id p0
2025-06-30 00:59:39,943 [INFO] Received command c on object id p0
2025-06-30 00:59:42,364 [INFO] Received command c on object id p0
2025-06-30 00:59:43,115 [INFO] Received command c on object id p0
2025-06-30 00:59:43,872 [INFO] Received command c on object id p0
2025-06-30 00:59:44,528 [INFO] Received command c on object id p0
2025-06-30 00:59:45,209 [INFO] Received command c on object id p0
2025-06-30 00:59:45,915 [INFO] Received command c on object id p0
2025-06-30 00:59:46,529 [INFO] Received command c on object id p0
2025-06-30 00:59:47,220 [INFO] Received command c on object id p0
2025-06-30 00:59:47,840 [INFO] Received command c on object id p0
2025-06-30 00:59:48,449 [INFO] Received command c on object id p0
2025-06-30 00:59:49,166 [INFO] Received command c on object id p0
2025-06-30 00:59:49,776 [INFO] Received command c on object id p0
2025-06-30 00:59:50,603 [INFO] Received command c on object id p0
2025-06-30 00:59:51,341 [INFO] Received command c on object id p0
2025-06-30 00:59:51,993 [INFO] Received command c on object id p0
2025-06-30 00:59:52,700 [INFO] Received command c on object id p0
2025-06-30 00:59:53,324 [INFO] Received command c on object id p0
2025-06-30 00:59:53,935 [INFO] Received command c on object id p0
2025-06-30 00:59:54,607 [INFO] Received command c on object id p0
2025-06-30 00:59:55,232 [INFO] Received command c on object id p0
2025-06-30 00:59:55,803 [INFO] Received command c on object id p0
2025-06-30 00:59:56,388 [INFO] Received command c on object id p0
2025-06-30 00:59:56,987 [INFO] Received command c on object id p0
2025-06-30 00:59:57,577 [INFO] Received command c on object id p0
2025-06-30 00:59:58,112 [INFO] Received command c on object id p0
2025-06-30 00:59:58,737 [INFO] Received command c on object id p0
2025-06-30 00:59:59,290 [INFO] Received command c on object id p0
2025-06-30 00:59:59,820 [INFO] Received command c on object id p0
2025-06-30 01:00:00,408 [INFO] Received command c on object id p0
2025-06-30 01:00:00,923 [INFO] Received command c on object id p0
2025-06-30 01:00:01,527 [INFO] Received command c on object id p0
2025-06-30 01:00:02,069 [INFO] Received command c on object id p0
2025-06-30 01:00:02,624 [INFO] Received command c on object id p0
2025-06-30 01:00:03,195 [INFO] Received command c on object id p0
2025-06-30 01:00:03,806 [INFO] Received command c on object id p0
2025-06-30 01:00:04,184 [INFO] Error while receiving.
Traceback (most recent call last):
  File "/home/anhkhoa/.venv/lib/python3.10/site-packages/py4j/clientserver.py", line 511, in send_command
    answer = smart_decode(self.stream.readline()[:-1])
RuntimeError: reentrant call inside <_io.BufferedReader name=4>
2025-06-30 01:00:04,185 [INFO] Closing down clientserver connection
2025-06-30 01:00:04,185 [ERROR] Exception while sending command.
Traceback (most recent call last):
  File "/home/anhkhoa/.venv/lib/python3.10/site-packages/py4j/clientserver.py", line 511, in send_command
    answer = smart_decode(self.stream.readline()[:-1])
RuntimeError: reentrant call inside <_io.BufferedReader name=4>

During handling of the above exception, another exception occurred:

Traceback (most recent call last):
  File "/home/anhkhoa/.venv/lib/python3.10/site-packages/py4j/java_gateway.py", line 1038, in send_command
    response = connection.send_command(command)
  File "/home/anhkhoa/.venv/lib/python3.10/site-packages/py4j/clientserver.py", line 539, in send_command
    raise Py4JNetworkError(
py4j.protocol.Py4JNetworkError: Error while sending or receiving
2025-06-30 01:00:04,187 [INFO] Error while receiving.
Traceback (most recent call last):
  File "/home/anhkhoa/.venv/lib/python3.10/site-packages/py4j/clientserver.py", line 511, in send_command
    answer = smart_decode(self.stream.readline()[:-1])
  File "/usr/lib/python3.10/socket.py", line 705, in readinto
    return self._sock.recv_into(b)
  File "/home/anhkhoa/.venv/lib/python3.10/site-packages/pyspark/context.py", line 381, in signal_handler
    self.cancelAllJobs()
  File "/home/anhkhoa/.venv/lib/python3.10/site-packages/pyspark/context.py", line 2446, in cancelAllJobs
    self._jsc.sc().cancelAllJobs()
  File "/home/anhkhoa/.venv/lib/python3.10/site-packages/py4j/java_gateway.py", line 1322, in __call__
    return_value = get_return_value(
  File "/home/anhkhoa/.venv/lib/python3.10/site-packages/pyspark/errors/exceptions/captured.py", line 179, in deco
    return f(*a, **kw)
  File "/home/anhkhoa/.venv/lib/python3.10/site-packages/py4j/protocol.py", line 334, in get_return_value
    raise Py4JError(
py4j.protocol.Py4JError: An error occurred while calling o30.sc
2025-06-30 01:00:04,187 [INFO] Closing down clientserver connection
2025-06-30 01:00:04,188 [ERROR] Exception while sending command.
Traceback (most recent call last):
  File "/home/anhkhoa/.venv/lib/python3.10/site-packages/py4j/clientserver.py", line 511, in send_command
    answer = smart_decode(self.stream.readline()[:-1])
  File "/usr/lib/python3.10/socket.py", line 705, in readinto
    return self._sock.recv_into(b)
  File "/home/anhkhoa/.venv/lib/python3.10/site-packages/pyspark/context.py", line 381, in signal_handler
    self.cancelAllJobs()
  File "/home/anhkhoa/.venv/lib/python3.10/site-packages/pyspark/context.py", line 2446, in cancelAllJobs
    self._jsc.sc().cancelAllJobs()
  File "/home/anhkhoa/.venv/lib/python3.10/site-packages/py4j/java_gateway.py", line 1322, in __call__
    return_value = get_return_value(
  File "/home/anhkhoa/.venv/lib/python3.10/site-packages/pyspark/errors/exceptions/captured.py", line 179, in deco
    return f(*a, **kw)
  File "/home/anhkhoa/.venv/lib/python3.10/site-packages/py4j/protocol.py", line 334, in get_return_value
    raise Py4JError(
py4j.protocol.Py4JError: An error occurred while calling o30.sc

During handling of the above exception, another exception occurred:

Traceback (most recent call last):
  File "/home/anhkhoa/.venv/lib/python3.10/site-packages/py4j/java_gateway.py", line 1038, in send_command
    response = connection.send_command(command)
  File "/home/anhkhoa/.venv/lib/python3.10/site-packages/py4j/clientserver.py", line 539, in send_command
    raise Py4JNetworkError(
py4j.protocol.Py4JNetworkError: Error while sending or receiving
2025-06-30 01:00:04,188 [INFO] Closing down clientserver connection
2025-06-30 01:00:04,207 [INFO] Closing down clientserver connection
2025-06-30 01:02:07,515 [INFO] ✅ Spark connection created successfully.
2025-06-30 01:02:09,240 [INFO] ✅ Selection dataframe created from Kafka stream
2025-06-30 01:02:09,277 [WARNING] Cluster.__init__ called with contact_points specified, but no load_balancing_policy. In the next major version, this will raise an error; please specify a load-balancing policy. (contact_points = ['localhost'], lbp = None)
2025-06-30 01:02:09,483 [INFO] Using datacenter 'datacenter1' for DCAwareRoundRobinPolicy (via host '127.0.0.1:9042'); if incorrect, please specify a local_dc to the constructor, or limit contact points to local cluster nodes
2025-06-30 01:02:09,509 [INFO] ⚡ Streaming started with feature extraction...
2025-06-30 01:02:09,527 [INFO] Callback Server Starting
2025-06-30 01:02:09,528 [INFO] Socket listening on ('127.0.0.1', 42313)
2025-06-30 01:02:10,953 [INFO] Python Server ready to receive messages
2025-06-30 01:02:10,953 [INFO] Received command c on object id p0
2025-06-30 01:02:38,611 [INFO] Received command c on object id p0
2025-06-30 01:02:48,875 [INFO] Received command c on object id p0
2025-06-30 01:02:56,976 [INFO] Received command c on object id p0
2025-06-30 01:03:05,116 [INFO] Received command c on object id p0
2025-06-30 01:03:12,502 [INFO] Received command c on object id p0
2025-06-30 01:03:21,027 [INFO] Received command c on object id p0
2025-06-30 01:03:30,197 [INFO] Received command c on object id p0
2025-06-30 01:03:34,928 [INFO] Received command c on object id p0
2025-06-30 01:03:43,268 [INFO] Received command c on object id p0
2025-06-30 01:03:52,320 [INFO] Received command c on object id p0
2025-06-30 01:04:02,216 [INFO] Received command c on object id p0
2025-06-30 01:04:06,983 [INFO] Received command c on object id p0
2025-06-30 01:04:14,073 [INFO] Received command c on object id p0
2025-06-30 01:04:22,768 [INFO] Received command c on object id p0
2025-06-30 01:04:31,375 [INFO] Received command c on object id p0
2025-06-30 01:04:37,855 [INFO] Received command c on object id p0
2025-06-30 01:04:46,088 [INFO] Received command c on object id p0
2025-06-30 01:04:54,779 [INFO] Received command c on object id p0
2025-06-30 01:04:57,172 [INFO] Error while receiving.
Traceback (most recent call last):
  File "/home/anhkhoa/.venv/lib/python3.10/site-packages/py4j/clientserver.py", line 511, in send_command
    answer = smart_decode(self.stream.readline()[:-1])
RuntimeError: reentrant call inside <_io.BufferedReader name=4>
2025-06-30 01:04:57,203 [INFO] Closing down clientserver connection
2025-06-30 01:04:57,204 [ERROR] Exception while sending command.
Traceback (most recent call last):
  File "/home/anhkhoa/.venv/lib/python3.10/site-packages/py4j/clientserver.py", line 511, in send_command
    answer = smart_decode(self.stream.readline()[:-1])
RuntimeError: reentrant call inside <_io.BufferedReader name=4>

During handling of the above exception, another exception occurred:

Traceback (most recent call last):
  File "/home/anhkhoa/.venv/lib/python3.10/site-packages/py4j/java_gateway.py", line 1038, in send_command
    response = connection.send_command(command)
  File "/home/anhkhoa/.venv/lib/python3.10/site-packages/py4j/clientserver.py", line 539, in send_command
    raise Py4JNetworkError(
py4j.protocol.Py4JNetworkError: Error while sending or receiving
2025-06-30 01:04:57,207 [INFO] Error while receiving.
Traceback (most recent call last):
  File "/home/anhkhoa/.venv/lib/python3.10/site-packages/py4j/clientserver.py", line 511, in send_command
    answer = smart_decode(self.stream.readline()[:-1])
  File "/usr/lib/python3.10/socket.py", line 705, in readinto
    return self._sock.recv_into(b)
  File "/home/anhkhoa/.venv/lib/python3.10/site-packages/pyspark/context.py", line 381, in signal_handler
    self.cancelAllJobs()
  File "/home/anhkhoa/.venv/lib/python3.10/site-packages/pyspark/context.py", line 2446, in cancelAllJobs
    self._jsc.sc().cancelAllJobs()
  File "/home/anhkhoa/.venv/lib/python3.10/site-packages/py4j/java_gateway.py", line 1322, in __call__
    return_value = get_return_value(
  File "/home/anhkhoa/.venv/lib/python3.10/site-packages/pyspark/errors/exceptions/captured.py", line 179, in deco
    return f(*a, **kw)
  File "/home/anhkhoa/.venv/lib/python3.10/site-packages/py4j/protocol.py", line 334, in get_return_value
    raise Py4JError(
py4j.protocol.Py4JError: An error occurred while calling o30.sc
2025-06-30 01:04:57,213 [INFO] Closing down clientserver connection
2025-06-30 01:04:57,213 [ERROR] Exception while sending command.
Traceback (most recent call last):
  File "/home/anhkhoa/.venv/lib/python3.10/site-packages/py4j/clientserver.py", line 511, in send_command
    answer = smart_decode(self.stream.readline()[:-1])
  File "/usr/lib/python3.10/socket.py", line 705, in readinto
    return self._sock.recv_into(b)
  File "/home/anhkhoa/.venv/lib/python3.10/site-packages/pyspark/context.py", line 381, in signal_handler
    self.cancelAllJobs()
  File "/home/anhkhoa/.venv/lib/python3.10/site-packages/pyspark/context.py", line 2446, in cancelAllJobs
    self._jsc.sc().cancelAllJobs()
  File "/home/anhkhoa/.venv/lib/python3.10/site-packages/py4j/java_gateway.py", line 1322, in __call__
    return_value = get_return_value(
  File "/home/anhkhoa/.venv/lib/python3.10/site-packages/pyspark/errors/exceptions/captured.py", line 179, in deco
    return f(*a, **kw)
  File "/home/anhkhoa/.venv/lib/python3.10/site-packages/py4j/protocol.py", line 334, in get_return_value
    raise Py4JError(
py4j.protocol.Py4JError: An error occurred while calling o30.sc

During handling of the above exception, another exception occurred:

Traceback (most recent call last):
  File "/home/anhkhoa/.venv/lib/python3.10/site-packages/py4j/java_gateway.py", line 1038, in send_command
    response = connection.send_command(command)
  File "/home/anhkhoa/.venv/lib/python3.10/site-packages/py4j/clientserver.py", line 539, in send_command
    raise Py4JNetworkError(
py4j.protocol.Py4JNetworkError: Error while sending or receiving
2025-06-30 01:04:57,214 [INFO] Closing down clientserver connection
2025-06-30 01:04:57,399 [INFO] Closing down clientserver connection
2025-06-30 13:25:26,057 [INFO] ✅ Spark connection created successfully.
2025-06-30 13:25:25,572 [INFO] ✅ Selection dataframe created from Kafka stream
2025-06-30 13:25:25,622 [WARNING] Cluster.__init__ called with contact_points specified, but no load_balancing_policy. In the next major version, this will raise an error; please specify a load-balancing policy. (contact_points = ['localhost'], lbp = None)
2025-06-30 13:25:26,159 [INFO] Using datacenter 'datacenter1' for DCAwareRoundRobinPolicy (via host '127.0.0.1:9042'); if incorrect, please specify a local_dc to the constructor, or limit contact points to local cluster nodes
2025-06-30 13:25:27,421 [INFO] ⚡ Streaming started with feature extraction...
2025-06-30 13:25:27,443 [INFO] Callback Server Starting
2025-06-30 13:25:27,443 [INFO] Socket listening on ('127.0.0.1', 44593)
2025-06-30 13:25:29,734 [INFO] Python Server ready to receive messages
2025-06-30 13:25:29,735 [INFO] Received command c on object id p0
2025-06-30 13:35:37,520 [INFO] Error while receiving.
Traceback (most recent call last):
  File "/home/anhkhoa/.venv/lib/python3.10/site-packages/py4j/clientserver.py", line 511, in send_command
    answer = smart_decode(self.stream.readline()[:-1])
RuntimeError: reentrant call inside <_io.BufferedReader name=4>
2025-06-30 13:35:37,707 [INFO] Closing down clientserver connection
2025-06-30 13:35:37,711 [ERROR] Exception while sending command.
Traceback (most recent call last):
  File "/home/anhkhoa/.venv/lib/python3.10/site-packages/py4j/clientserver.py", line 511, in send_command
    answer = smart_decode(self.stream.readline()[:-1])
RuntimeError: reentrant call inside <_io.BufferedReader name=4>

During handling of the above exception, another exception occurred:

Traceback (most recent call last):
  File "/home/anhkhoa/.venv/lib/python3.10/site-packages/py4j/java_gateway.py", line 1038, in send_command
    response = connection.send_command(command)
  File "/home/anhkhoa/.venv/lib/python3.10/site-packages/py4j/clientserver.py", line 539, in send_command
    raise Py4JNetworkError(
py4j.protocol.Py4JNetworkError: Error while sending or receiving
2025-06-30 13:35:37,725 [INFO] Error while receiving.
Traceback (most recent call last):
  File "/home/anhkhoa/.venv/lib/python3.10/site-packages/py4j/clientserver.py", line 511, in send_command
    answer = smart_decode(self.stream.readline()[:-1])
  File "/usr/lib/python3.10/socket.py", line 705, in readinto
    return self._sock.recv_into(b)
  File "/home/anhkhoa/.venv/lib/python3.10/site-packages/pyspark/context.py", line 381, in signal_handler
    self.cancelAllJobs()
  File "/home/anhkhoa/.venv/lib/python3.10/site-packages/pyspark/context.py", line 2446, in cancelAllJobs
    self._jsc.sc().cancelAllJobs()
  File "/home/anhkhoa/.venv/lib/python3.10/site-packages/py4j/java_gateway.py", line 1322, in __call__
    return_value = get_return_value(
  File "/home/anhkhoa/.venv/lib/python3.10/site-packages/pyspark/errors/exceptions/captured.py", line 179, in deco
    return f(*a, **kw)
  File "/home/anhkhoa/.venv/lib/python3.10/site-packages/py4j/protocol.py", line 334, in get_return_value
    raise Py4JError(
py4j.protocol.Py4JError: An error occurred while calling o30.sc
2025-06-30 13:35:37,734 [INFO] Closing down clientserver connection
2025-06-30 13:35:37,734 [ERROR] Exception while sending command.
Traceback (most recent call last):
  File "/home/anhkhoa/.venv/lib/python3.10/site-packages/py4j/clientserver.py", line 511, in send_command
    answer = smart_decode(self.stream.readline()[:-1])
  File "/usr/lib/python3.10/socket.py", line 705, in readinto
    return self._sock.recv_into(b)
  File "/home/anhkhoa/.venv/lib/python3.10/site-packages/pyspark/context.py", line 381, in signal_handler
    self.cancelAllJobs()
  File "/home/anhkhoa/.venv/lib/python3.10/site-packages/pyspark/context.py", line 2446, in cancelAllJobs
    self._jsc.sc().cancelAllJobs()
  File "/home/anhkhoa/.venv/lib/python3.10/site-packages/py4j/java_gateway.py", line 1322, in __call__
    return_value = get_return_value(
  File "/home/anhkhoa/.venv/lib/python3.10/site-packages/pyspark/errors/exceptions/captured.py", line 179, in deco
    return f(*a, **kw)
  File "/home/anhkhoa/.venv/lib/python3.10/site-packages/py4j/protocol.py", line 334, in get_return_value
    raise Py4JError(
py4j.protocol.Py4JError: An error occurred while calling o30.sc

During handling of the above exception, another exception occurred:

Traceback (most recent call last):
  File "/home/anhkhoa/.venv/lib/python3.10/site-packages/py4j/java_gateway.py", line 1038, in send_command
    response = connection.send_command(command)
  File "/home/anhkhoa/.venv/lib/python3.10/site-packages/py4j/clientserver.py", line 539, in send_command
    raise Py4JNetworkError(
py4j.protocol.Py4JNetworkError: Error while sending or receiving
2025-06-30 13:35:37,735 [INFO] Closing down clientserver connection
2025-06-30 13:35:38,591 [INFO] Closing down clientserver connection
2025-06-30 15:14:00,556 [INFO] ✅ Spark connection created successfully.
2025-06-30 15:14:02,542 [INFO] ✅ Selection dataframe created from Kafka stream
2025-06-30 15:14:02,575 [WARNING] Cluster.__init__ called with contact_points specified, but no load_balancing_policy. In the next major version, this will raise an error; please specify a load-balancing policy. (contact_points = ['localhost'], lbp = None)
2025-06-30 15:14:02,811 [INFO] Using datacenter 'datacenter1' for DCAwareRoundRobinPolicy (via host '127.0.0.1:9042'); if incorrect, please specify a local_dc to the constructor, or limit contact points to local cluster nodes
2025-06-30 15:14:03,377 [INFO] ⚡ Streaming started with feature extraction...
2025-06-30 15:14:03,393 [INFO] Callback Server Starting
2025-06-30 15:14:03,398 [INFO] Socket listening on ('127.0.0.1', 43089)
2025-06-30 15:14:20,630 [INFO] Error while receiving.
Traceback (most recent call last):
  File "/home/anhkhoa/.venv/lib/python3.10/site-packages/py4j/clientserver.py", line 511, in send_command
    answer = smart_decode(self.stream.readline()[:-1])
RuntimeError: reentrant call inside <_io.BufferedReader name=4>
2025-06-30 15:14:20,633 [INFO] Closing down clientserver connection
2025-06-30 15:14:20,633 [ERROR] Exception while sending command.
Traceback (most recent call last):
  File "/home/anhkhoa/.venv/lib/python3.10/site-packages/py4j/clientserver.py", line 511, in send_command
    answer = smart_decode(self.stream.readline()[:-1])
RuntimeError: reentrant call inside <_io.BufferedReader name=4>

During handling of the above exception, another exception occurred:

Traceback (most recent call last):
  File "/home/anhkhoa/.venv/lib/python3.10/site-packages/py4j/java_gateway.py", line 1038, in send_command
    response = connection.send_command(command)
  File "/home/anhkhoa/.venv/lib/python3.10/site-packages/py4j/clientserver.py", line 539, in send_command
    raise Py4JNetworkError(
py4j.protocol.Py4JNetworkError: Error while sending or receiving
2025-06-30 15:14:20,635 [INFO] Error while receiving.
Traceback (most recent call last):
  File "/home/anhkhoa/.venv/lib/python3.10/site-packages/py4j/clientserver.py", line 511, in send_command
    answer = smart_decode(self.stream.readline()[:-1])
  File "/usr/lib/python3.10/socket.py", line 705, in readinto
    return self._sock.recv_into(b)
  File "/home/anhkhoa/.venv/lib/python3.10/site-packages/pyspark/context.py", line 381, in signal_handler
    self.cancelAllJobs()
  File "/home/anhkhoa/.venv/lib/python3.10/site-packages/pyspark/context.py", line 2446, in cancelAllJobs
    self._jsc.sc().cancelAllJobs()
  File "/home/anhkhoa/.venv/lib/python3.10/site-packages/py4j/java_gateway.py", line 1322, in __call__
    return_value = get_return_value(
  File "/home/anhkhoa/.venv/lib/python3.10/site-packages/pyspark/errors/exceptions/captured.py", line 179, in deco
    return f(*a, **kw)
  File "/home/anhkhoa/.venv/lib/python3.10/site-packages/py4j/protocol.py", line 334, in get_return_value
    raise Py4JError(
py4j.protocol.Py4JError: An error occurred while calling o30.sc
2025-06-30 15:14:20,639 [INFO] Closing down clientserver connection
2025-06-30 15:14:20,639 [ERROR] Exception while sending command.
Traceback (most recent call last):
  File "/home/anhkhoa/.venv/lib/python3.10/site-packages/py4j/clientserver.py", line 511, in send_command
    answer = smart_decode(self.stream.readline()[:-1])
  File "/usr/lib/python3.10/socket.py", line 705, in readinto
    return self._sock.recv_into(b)
  File "/home/anhkhoa/.venv/lib/python3.10/site-packages/pyspark/context.py", line 381, in signal_handler
    self.cancelAllJobs()
  File "/home/anhkhoa/.venv/lib/python3.10/site-packages/pyspark/context.py", line 2446, in cancelAllJobs
    self._jsc.sc().cancelAllJobs()
  File "/home/anhkhoa/.venv/lib/python3.10/site-packages/py4j/java_gateway.py", line 1322, in __call__
    return_value = get_return_value(
  File "/home/anhkhoa/.venv/lib/python3.10/site-packages/pyspark/errors/exceptions/captured.py", line 179, in deco
    return f(*a, **kw)
  File "/home/anhkhoa/.venv/lib/python3.10/site-packages/py4j/protocol.py", line 334, in get_return_value
    raise Py4JError(
py4j.protocol.Py4JError: An error occurred while calling o30.sc

During handling of the above exception, another exception occurred:

Traceback (most recent call last):
  File "/home/anhkhoa/.venv/lib/python3.10/site-packages/py4j/java_gateway.py", line 1038, in send_command
    response = connection.send_command(command)
  File "/home/anhkhoa/.venv/lib/python3.10/site-packages/py4j/clientserver.py", line 539, in send_command
    raise Py4JNetworkError(
py4j.protocol.Py4JNetworkError: Error while sending or receiving
2025-06-30 15:14:20,640 [INFO] Closing down clientserver connection
2025-06-30 15:14:20,688 [INFO] Closing down clientserver connection
2025-06-30 15:14:41,155 [INFO] ✅ Spark connection created successfully.
2025-06-30 15:14:43,074 [INFO] ✅ Selection dataframe created from Kafka stream
2025-06-30 15:14:43,103 [WARNING] Cluster.__init__ called with contact_points specified, but no load_balancing_policy. In the next major version, this will raise an error; please specify a load-balancing policy. (contact_points = ['localhost'], lbp = None)
2025-06-30 15:14:43,290 [INFO] Using datacenter 'datacenter1' for DCAwareRoundRobinPolicy (via host '127.0.0.1:9042'); if incorrect, please specify a local_dc to the constructor, or limit contact points to local cluster nodes
2025-06-30 15:14:43,813 [INFO] ⚡ Streaming started with feature extraction...
2025-06-30 15:14:43,829 [INFO] Callback Server Starting
2025-06-30 15:14:43,829 [INFO] Socket listening on ('127.0.0.1', 40349)
2025-06-30 15:17:03,085 [INFO] Closing down clientserver connection
2025-06-30 15:23:01,817 [INFO] ✅ Spark connection created successfully.
2025-06-30 15:23:04,106 [INFO] ✅ Selection dataframe created from Kafka stream
2025-06-30 15:23:04,138 [WARNING] Cluster.__init__ called with contact_points specified, but no load_balancing_policy. In the next major version, this will raise an error; please specify a load-balancing policy. (contact_points = ['localhost'], lbp = None)
2025-06-30 15:23:04,362 [INFO] Using datacenter 'datacenter1' for DCAwareRoundRobinPolicy (via host '127.0.0.1:9042'); if incorrect, please specify a local_dc to the constructor, or limit contact points to local cluster nodes
2025-06-30 15:23:04,897 [INFO] ⚡ Streaming started with feature extraction...
2025-06-30 15:23:04,918 [INFO] Callback Server Starting
2025-06-30 15:23:04,919 [INFO] Socket listening on ('127.0.0.1', 34369)
2025-06-30 15:23:07,165 [INFO] Python Server ready to receive messages
2025-06-30 15:23:07,165 [INFO] Received command c on object id p0
2025-06-30 15:23:13,133 [INFO] Received command c on object id p0
2025-06-30 15:23:14,039 [INFO] Received command c on object id p0
2025-06-30 15:23:15,286 [INFO] Error while receiving.
Traceback (most recent call last):
  File "/home/anhkhoa/.venv/lib/python3.10/site-packages/py4j/clientserver.py", line 511, in send_command
    answer = smart_decode(self.stream.readline()[:-1])
RuntimeError: reentrant call inside <_io.BufferedReader name=4>
2025-06-30 15:23:15,289 [INFO] Closing down clientserver connection
2025-06-30 15:23:15,289 [ERROR] Exception while sending command.
Traceback (most recent call last):
  File "/home/anhkhoa/.venv/lib/python3.10/site-packages/py4j/clientserver.py", line 511, in send_command
    answer = smart_decode(self.stream.readline()[:-1])
RuntimeError: reentrant call inside <_io.BufferedReader name=4>

During handling of the above exception, another exception occurred:

Traceback (most recent call last):
  File "/home/anhkhoa/.venv/lib/python3.10/site-packages/py4j/java_gateway.py", line 1038, in send_command
    response = connection.send_command(command)
  File "/home/anhkhoa/.venv/lib/python3.10/site-packages/py4j/clientserver.py", line 539, in send_command
    raise Py4JNetworkError(
py4j.protocol.Py4JNetworkError: Error while sending or receiving
2025-06-30 15:23:15,291 [INFO] Error while receiving.
Traceback (most recent call last):
  File "/home/anhkhoa/.venv/lib/python3.10/site-packages/py4j/clientserver.py", line 511, in send_command
    answer = smart_decode(self.stream.readline()[:-1])
  File "/usr/lib/python3.10/socket.py", line 705, in readinto
    return self._sock.recv_into(b)
  File "/home/anhkhoa/.venv/lib/python3.10/site-packages/pyspark/context.py", line 381, in signal_handler
    self.cancelAllJobs()
  File "/home/anhkhoa/.venv/lib/python3.10/site-packages/pyspark/context.py", line 2446, in cancelAllJobs
    self._jsc.sc().cancelAllJobs()
  File "/home/anhkhoa/.venv/lib/python3.10/site-packages/py4j/java_gateway.py", line 1322, in __call__
    return_value = get_return_value(
  File "/home/anhkhoa/.venv/lib/python3.10/site-packages/pyspark/errors/exceptions/captured.py", line 179, in deco
    return f(*a, **kw)
  File "/home/anhkhoa/.venv/lib/python3.10/site-packages/py4j/protocol.py", line 334, in get_return_value
    raise Py4JError(
py4j.protocol.Py4JError: An error occurred while calling o30.sc
2025-06-30 15:23:15,294 [INFO] Closing down clientserver connection
2025-06-30 15:23:15,294 [ERROR] Exception while sending command.
Traceback (most recent call last):
  File "/home/anhkhoa/.venv/lib/python3.10/site-packages/py4j/clientserver.py", line 511, in send_command
    answer = smart_decode(self.stream.readline()[:-1])
  File "/usr/lib/python3.10/socket.py", line 705, in readinto
    return self._sock.recv_into(b)
  File "/home/anhkhoa/.venv/lib/python3.10/site-packages/pyspark/context.py", line 381, in signal_handler
    self.cancelAllJobs()
  File "/home/anhkhoa/.venv/lib/python3.10/site-packages/pyspark/context.py", line 2446, in cancelAllJobs
    self._jsc.sc().cancelAllJobs()
  File "/home/anhkhoa/.venv/lib/python3.10/site-packages/py4j/java_gateway.py", line 1322, in __call__
    return_value = get_return_value(
  File "/home/anhkhoa/.venv/lib/python3.10/site-packages/pyspark/errors/exceptions/captured.py", line 179, in deco
    return f(*a, **kw)
  File "/home/anhkhoa/.venv/lib/python3.10/site-packages/py4j/protocol.py", line 334, in get_return_value
    raise Py4JError(
py4j.protocol.Py4JError: An error occurred while calling o30.sc

During handling of the above exception, another exception occurred:

Traceback (most recent call last):
  File "/home/anhkhoa/.venv/lib/python3.10/site-packages/py4j/java_gateway.py", line 1038, in send_command
    response = connection.send_command(command)
  File "/home/anhkhoa/.venv/lib/python3.10/site-packages/py4j/clientserver.py", line 539, in send_command
    raise Py4JNetworkError(
py4j.protocol.Py4JNetworkError: Error while sending or receiving
2025-06-30 15:23:15,294 [INFO] Closing down clientserver connection
2025-06-30 15:23:15,350 [INFO] Closing down clientserver connection
2025-06-30 15:27:00,246 [INFO] ✅ Spark connection created successfully.
2025-06-30 15:27:02,136 [INFO] ✅ Selection dataframe created from Kafka stream
2025-06-30 15:27:02,161 [WARNING] Cluster.__init__ called with contact_points specified, but no load_balancing_policy. In the next major version, this will raise an error; please specify a load-balancing policy. (contact_points = ['localhost'], lbp = None)
2025-06-30 15:27:02,361 [INFO] Using datacenter 'datacenter1' for DCAwareRoundRobinPolicy (via host '127.0.0.1:9042'); if incorrect, please specify a local_dc to the constructor, or limit contact points to local cluster nodes
2025-06-30 15:27:02,861 [INFO] ⚡ Streaming started with feature extraction...
2025-06-30 15:27:02,884 [INFO] Callback Server Starting
2025-06-30 15:27:02,885 [INFO] Socket listening on ('127.0.0.1', 34811)
2025-06-30 15:27:04,378 [INFO] Python Server ready to receive messages
2025-06-30 15:27:04,378 [INFO] Received command c on object id p0
2025-06-30 15:27:20,881 [INFO] Received command c on object id p0
2025-06-30 15:27:22,502 [INFO] Received command c on object id p0
2025-06-30 15:27:24,397 [INFO] Received command c on object id p0
2025-06-30 15:27:25,948 [INFO] Received command c on object id p0
2025-06-30 15:27:27,265 [INFO] Received command c on object id p0
2025-06-30 15:27:28,606 [INFO] Received command c on object id p0
2025-06-30 15:27:27,408 [INFO] Received command c on object id p0
2025-06-30 15:27:28,704 [INFO] Received command c on object id p0
2025-06-30 15:27:30,080 [INFO] Received command c on object id p0
2025-06-30 15:27:31,345 [INFO] Received command c on object id p0
2025-06-30 15:27:32,700 [INFO] Received command c on object id p0
2025-06-30 15:27:33,953 [INFO] Received command c on object id p0
2025-06-30 15:27:35,057 [INFO] Received command c on object id p0
2025-06-30 15:27:36,207 [INFO] Received command c on object id p0
2025-06-30 15:27:37,354 [INFO] Received command c on object id p0
2025-06-30 15:27:38,533 [INFO] Received command c on object id p0
2025-06-30 15:27:39,655 [INFO] Received command c on object id p0
2025-06-30 15:27:40,873 [INFO] Received command c on object id p0
2025-06-30 15:27:42,113 [INFO] Received command c on object id p0
2025-06-30 15:27:43,267 [INFO] Received command c on object id p0
2025-06-30 15:27:44,438 [INFO] Received command c on object id p0
2025-06-30 15:27:45,557 [INFO] Received command c on object id p0
2025-06-30 15:27:46,762 [INFO] Received command c on object id p0
2025-06-30 15:27:46,938 [INFO] Error while receiving.
Traceback (most recent call last):
  File "/home/anhkhoa/.venv/lib/python3.10/site-packages/py4j/clientserver.py", line 511, in send_command
    answer = smart_decode(self.stream.readline()[:-1])
RuntimeError: reentrant call inside <_io.BufferedReader name=4>
2025-06-30 15:27:46,972 [INFO] Closing down clientserver connection
2025-06-30 15:27:46,974 [ERROR] Exception while sending command.
Traceback (most recent call last):
  File "/home/anhkhoa/.venv/lib/python3.10/site-packages/py4j/clientserver.py", line 511, in send_command
    answer = smart_decode(self.stream.readline()[:-1])
RuntimeError: reentrant call inside <_io.BufferedReader name=4>

During handling of the above exception, another exception occurred:

Traceback (most recent call last):
  File "/home/anhkhoa/.venv/lib/python3.10/site-packages/py4j/java_gateway.py", line 1038, in send_command
    response = connection.send_command(command)
  File "/home/anhkhoa/.venv/lib/python3.10/site-packages/py4j/clientserver.py", line 539, in send_command
    raise Py4JNetworkError(
py4j.protocol.Py4JNetworkError: Error while sending or receiving
2025-06-30 15:27:46,978 [INFO] Error while receiving.
Traceback (most recent call last):
  File "/home/anhkhoa/.venv/lib/python3.10/site-packages/py4j/clientserver.py", line 511, in send_command
    answer = smart_decode(self.stream.readline()[:-1])
  File "/usr/lib/python3.10/socket.py", line 705, in readinto
    return self._sock.recv_into(b)
  File "/home/anhkhoa/.venv/lib/python3.10/site-packages/pyspark/context.py", line 381, in signal_handler
    self.cancelAllJobs()
  File "/home/anhkhoa/.venv/lib/python3.10/site-packages/pyspark/context.py", line 2446, in cancelAllJobs
    self._jsc.sc().cancelAllJobs()
  File "/home/anhkhoa/.venv/lib/python3.10/site-packages/py4j/java_gateway.py", line 1322, in __call__
    return_value = get_return_value(
  File "/home/anhkhoa/.venv/lib/python3.10/site-packages/pyspark/errors/exceptions/captured.py", line 179, in deco
    return f(*a, **kw)
  File "/home/anhkhoa/.venv/lib/python3.10/site-packages/py4j/protocol.py", line 334, in get_return_value
    raise Py4JError(
py4j.protocol.Py4JError: An error occurred while calling o30.sc
2025-06-30 15:27:46,983 [INFO] Closing down clientserver connection
2025-06-30 15:27:46,984 [ERROR] Exception while sending command.
Traceback (most recent call last):
  File "/home/anhkhoa/.venv/lib/python3.10/site-packages/py4j/clientserver.py", line 511, in send_command
    answer = smart_decode(self.stream.readline()[:-1])
  File "/usr/lib/python3.10/socket.py", line 705, in readinto
    return self._sock.recv_into(b)
  File "/home/anhkhoa/.venv/lib/python3.10/site-packages/pyspark/context.py", line 381, in signal_handler
    self.cancelAllJobs()
  File "/home/anhkhoa/.venv/lib/python3.10/site-packages/pyspark/context.py", line 2446, in cancelAllJobs
    self._jsc.sc().cancelAllJobs()
  File "/home/anhkhoa/.venv/lib/python3.10/site-packages/py4j/java_gateway.py", line 1322, in __call__
    return_value = get_return_value(
  File "/home/anhkhoa/.venv/lib/python3.10/site-packages/pyspark/errors/exceptions/captured.py", line 179, in deco
    return f(*a, **kw)
  File "/home/anhkhoa/.venv/lib/python3.10/site-packages/py4j/protocol.py", line 334, in get_return_value
    raise Py4JError(
py4j.protocol.Py4JError: An error occurred while calling o30.sc

During handling of the above exception, another exception occurred:

Traceback (most recent call last):
  File "/home/anhkhoa/.venv/lib/python3.10/site-packages/py4j/java_gateway.py", line 1038, in send_command
    response = connection.send_command(command)
  File "/home/anhkhoa/.venv/lib/python3.10/site-packages/py4j/clientserver.py", line 539, in send_command
    raise Py4JNetworkError(
py4j.protocol.Py4JNetworkError: Error while sending or receiving
2025-06-30 15:27:46,984 [INFO] Closing down clientserver connection
2025-06-30 15:27:47,153 [INFO] Closing down clientserver connection
2025-06-30 15:35:26,107 [INFO] ✅ Spark connection created successfully.
2025-06-30 15:35:28,502 [INFO] ✅ Selection dataframe created from Kafka stream
2025-06-30 15:35:28,536 [WARNING] Cluster.__init__ called with contact_points specified, but no load_balancing_policy. In the next major version, this will raise an error; please specify a load-balancing policy. (contact_points = ['localhost'], lbp = None)
2025-06-30 15:35:28,819 [INFO] Using datacenter 'datacenter1' for DCAwareRoundRobinPolicy (via host '127.0.0.1:9042'); if incorrect, please specify a local_dc to the constructor, or limit contact points to local cluster nodes
2025-06-30 15:35:27,550 [WARNING] Clock skew detected: current tick (1751272527550140) was 1360022 microseconds behind the last generated timestamp (1751272528910162), returned timestamps will be artificially incremented to guarantee monotonicity.
2025-06-30 15:35:27,805 [INFO] ⚡ Streaming started with feature extraction...
2025-06-30 15:35:27,835 [INFO] Callback Server Starting
2025-06-30 15:35:27,836 [INFO] Socket listening on ('127.0.0.1', 35001)
2025-06-30 15:35:30,317 [INFO] Python Server ready to receive messages
2025-06-30 15:35:30,317 [INFO] Received command c on object id p0
2025-06-30 15:35:37,991 [INFO] Received command c on object id p0
2025-06-30 15:35:38,964 [INFO] Received command c on object id p0
2025-06-30 15:35:39,751 [INFO] Received command c on object id p0
2025-06-30 15:35:40,208 [INFO] Received command c on object id p0
2025-06-30 15:35:40,702 [INFO] Received command c on object id p0
2025-06-30 15:35:41,169 [INFO] Received command c on object id p0
2025-06-30 15:35:41,567 [INFO] Received command c on object id p0
2025-06-30 15:35:42,032 [INFO] Received command c on object id p0
2025-06-30 15:35:42,415 [INFO] Received command c on object id p0
2025-06-30 15:35:42,874 [INFO] Received command c on object id p0
2025-06-30 15:35:43,166 [INFO] Error while receiving.
Traceback (most recent call last):
  File "/home/anhkhoa/.venv/lib/python3.10/site-packages/py4j/clientserver.py", line 511, in send_command
    answer = smart_decode(self.stream.readline()[:-1])
RuntimeError: reentrant call inside <_io.BufferedReader name=4>
2025-06-30 15:35:43,172 [INFO] Closing down clientserver connection
2025-06-30 15:35:43,173 [ERROR] Exception while sending command.
Traceback (most recent call last):
  File "/home/anhkhoa/.venv/lib/python3.10/site-packages/py4j/clientserver.py", line 511, in send_command
    answer = smart_decode(self.stream.readline()[:-1])
RuntimeError: reentrant call inside <_io.BufferedReader name=4>

During handling of the above exception, another exception occurred:

Traceback (most recent call last):
  File "/home/anhkhoa/.venv/lib/python3.10/site-packages/py4j/java_gateway.py", line 1038, in send_command
    response = connection.send_command(command)
  File "/home/anhkhoa/.venv/lib/python3.10/site-packages/py4j/clientserver.py", line 539, in send_command
    raise Py4JNetworkError(
py4j.protocol.Py4JNetworkError: Error while sending or receiving
2025-06-30 15:35:43,176 [INFO] Error while receiving.
Traceback (most recent call last):
  File "/home/anhkhoa/.venv/lib/python3.10/site-packages/py4j/clientserver.py", line 511, in send_command
    answer = smart_decode(self.stream.readline()[:-1])
  File "/usr/lib/python3.10/socket.py", line 705, in readinto
    return self._sock.recv_into(b)
  File "/home/anhkhoa/.venv/lib/python3.10/site-packages/pyspark/context.py", line 381, in signal_handler
    self.cancelAllJobs()
  File "/home/anhkhoa/.venv/lib/python3.10/site-packages/pyspark/context.py", line 2446, in cancelAllJobs
    self._jsc.sc().cancelAllJobs()
  File "/home/anhkhoa/.venv/lib/python3.10/site-packages/py4j/java_gateway.py", line 1322, in __call__
    return_value = get_return_value(
  File "/home/anhkhoa/.venv/lib/python3.10/site-packages/pyspark/errors/exceptions/captured.py", line 179, in deco
    return f(*a, **kw)
  File "/home/anhkhoa/.venv/lib/python3.10/site-packages/py4j/protocol.py", line 334, in get_return_value
    raise Py4JError(
py4j.protocol.Py4JError: An error occurred while calling o30.sc
2025-06-30 15:35:43,179 [INFO] Closing down clientserver connection
2025-06-30 15:35:43,179 [ERROR] Exception while sending command.
Traceback (most recent call last):
  File "/home/anhkhoa/.venv/lib/python3.10/site-packages/py4j/clientserver.py", line 511, in send_command
    answer = smart_decode(self.stream.readline()[:-1])
  File "/usr/lib/python3.10/socket.py", line 705, in readinto
    return self._sock.recv_into(b)
  File "/home/anhkhoa/.venv/lib/python3.10/site-packages/pyspark/context.py", line 381, in signal_handler
    self.cancelAllJobs()
  File "/home/anhkhoa/.venv/lib/python3.10/site-packages/pyspark/context.py", line 2446, in cancelAllJobs
    self._jsc.sc().cancelAllJobs()
  File "/home/anhkhoa/.venv/lib/python3.10/site-packages/py4j/java_gateway.py", line 1322, in __call__
    return_value = get_return_value(
  File "/home/anhkhoa/.venv/lib/python3.10/site-packages/pyspark/errors/exceptions/captured.py", line 179, in deco
    return f(*a, **kw)
  File "/home/anhkhoa/.venv/lib/python3.10/site-packages/py4j/protocol.py", line 334, in get_return_value
    raise Py4JError(
py4j.protocol.Py4JError: An error occurred while calling o30.sc

During handling of the above exception, another exception occurred:

Traceback (most recent call last):
  File "/home/anhkhoa/.venv/lib/python3.10/site-packages/py4j/java_gateway.py", line 1038, in send_command
    response = connection.send_command(command)
  File "/home/anhkhoa/.venv/lib/python3.10/site-packages/py4j/clientserver.py", line 539, in send_command
    raise Py4JNetworkError(
py4j.protocol.Py4JNetworkError: Error while sending or receiving
2025-06-30 15:35:43,180 [INFO] Closing down clientserver connection
2025-06-30 15:35:43,232 [INFO] Closing down clientserver connection
2025-06-30 15:37:41,550 [INFO] ✅ Spark connection created successfully.
2025-06-30 15:37:43,492 [INFO] ✅ Selection dataframe created from Kafka stream
2025-06-30 15:37:43,523 [WARNING] Cluster.__init__ called with contact_points specified, but no load_balancing_policy. In the next major version, this will raise an error; please specify a load-balancing policy. (contact_points = ['localhost'], lbp = None)
2025-06-30 15:37:43,733 [INFO] Using datacenter 'datacenter1' for DCAwareRoundRobinPolicy (via host '127.0.0.1:9042'); if incorrect, please specify a local_dc to the constructor, or limit contact points to local cluster nodes
2025-06-30 15:37:44,002 [INFO] ⚡ Streaming started with feature extraction...
2025-06-30 15:37:44,020 [INFO] Callback Server Starting
2025-06-30 15:37:44,020 [INFO] Socket listening on ('127.0.0.1', 40471)
2025-06-30 15:37:45,501 [INFO] Python Server ready to receive messages
2025-06-30 15:37:45,501 [INFO] Received command c on object id p0
2025-06-30 15:43:03,225 [INFO] ✅ Spark connection created successfully.
2025-06-30 15:43:05,441 [INFO] ✅ Selection dataframe created from Kafka stream
2025-06-30 15:43:05,470 [WARNING] Cluster.__init__ called with contact_points specified, but no load_balancing_policy. In the next major version, this will raise an error; please specify a load-balancing policy. (contact_points = ['localhost'], lbp = None)
2025-06-30 15:43:05,645 [WARNING] [control connection] Error connecting to 127.0.0.1:9042:
Traceback (most recent call last):
  File "cassandra/cluster.py", line 3577, in cassandra.cluster.ControlConnection._reconnect_internal
  File "cassandra/cluster.py", line 3599, in cassandra.cluster.ControlConnection._try_connect
  File "cassandra/cluster.py", line 1670, in cassandra.cluster.Cluster.connection_factory
  File "cassandra/connection.py", line 846, in cassandra.connection.Connection.factory
  File "/home/anhkhoa/.venv/lib/python3.10/site-packages/cassandra/io/libevreactor.py", line 267, in __init__
    self._connect_socket()
  File "cassandra/connection.py", line 951, in cassandra.connection.Connection._connect_socket
ConnectionRefusedError: [Errno 111] Tried connecting to [('127.0.0.1', 9042)]. Last error: Connection refused
2025-06-30 15:43:05,648 [ERROR] Control connection failed to connect, shutting down Cluster:
Traceback (most recent call last):
  File "cassandra/cluster.py", line 1740, in cassandra.cluster.Cluster.connect
  File "cassandra/cluster.py", line 3543, in cassandra.cluster.ControlConnection.connect
  File "cassandra/cluster.py", line 3588, in cassandra.cluster.ControlConnection._reconnect_internal
cassandra.cluster.NoHostAvailable: ('Unable to connect to any servers', {'127.0.0.1:9042': ConnectionRefusedError(111, "Tried connecting to [('127.0.0.1', 9042)]. Last error: Connection refused")})
2025-06-30 15:43:05,648 [ERROR] Could not create cassandra connection due to ('Unable to connect to any servers', {'127.0.0.1:9042': ConnectionRefusedError(111, "Tried connecting to [('127.0.0.1', 9042)]. Last error: Connection refused")})
2025-06-30 15:43:05,648 [INFO] ⚡ Streaming started with feature extraction...
2025-06-30 15:43:05,666 [INFO] Callback Server Starting
2025-06-30 15:43:05,667 [INFO] Socket listening on ('127.0.0.1', 43385)
2025-06-30 15:43:10,169 [INFO] Error while receiving.
Traceback (most recent call last):
  File "/home/anhkhoa/.venv/lib/python3.10/site-packages/py4j/clientserver.py", line 511, in send_command
    answer = smart_decode(self.stream.readline()[:-1])
RuntimeError: reentrant call inside <_io.BufferedReader name=4>
2025-06-30 15:43:10,177 [INFO] Closing down clientserver connection
2025-06-30 15:43:10,177 [ERROR] Exception while sending command.
Traceback (most recent call last):
  File "/home/anhkhoa/.venv/lib/python3.10/site-packages/py4j/clientserver.py", line 511, in send_command
    answer = smart_decode(self.stream.readline()[:-1])
RuntimeError: reentrant call inside <_io.BufferedReader name=4>

During handling of the above exception, another exception occurred:

Traceback (most recent call last):
  File "/home/anhkhoa/.venv/lib/python3.10/site-packages/py4j/java_gateway.py", line 1038, in send_command
    response = connection.send_command(command)
  File "/home/anhkhoa/.venv/lib/python3.10/site-packages/py4j/clientserver.py", line 539, in send_command
    raise Py4JNetworkError(
py4j.protocol.Py4JNetworkError: Error while sending or receiving
2025-06-30 15:43:10,178 [INFO] Error while receiving.
Traceback (most recent call last):
  File "/home/anhkhoa/.venv/lib/python3.10/site-packages/py4j/clientserver.py", line 511, in send_command
    answer = smart_decode(self.stream.readline()[:-1])
  File "/usr/lib/python3.10/socket.py", line 705, in readinto
    return self._sock.recv_into(b)
  File "/home/anhkhoa/.venv/lib/python3.10/site-packages/pyspark/context.py", line 381, in signal_handler
    self.cancelAllJobs()
  File "/home/anhkhoa/.venv/lib/python3.10/site-packages/pyspark/context.py", line 2446, in cancelAllJobs
    self._jsc.sc().cancelAllJobs()
  File "/home/anhkhoa/.venv/lib/python3.10/site-packages/py4j/java_gateway.py", line 1322, in __call__
    return_value = get_return_value(
  File "/home/anhkhoa/.venv/lib/python3.10/site-packages/pyspark/errors/exceptions/captured.py", line 179, in deco
    return f(*a, **kw)
  File "/home/anhkhoa/.venv/lib/python3.10/site-packages/py4j/protocol.py", line 334, in get_return_value
    raise Py4JError(
py4j.protocol.Py4JError: An error occurred while calling o30.sc
2025-06-30 15:43:10,181 [INFO] Closing down clientserver connection
2025-06-30 15:43:10,181 [ERROR] Exception while sending command.
Traceback (most recent call last):
  File "/home/anhkhoa/.venv/lib/python3.10/site-packages/py4j/clientserver.py", line 511, in send_command
    answer = smart_decode(self.stream.readline()[:-1])
  File "/usr/lib/python3.10/socket.py", line 705, in readinto
    return self._sock.recv_into(b)
  File "/home/anhkhoa/.venv/lib/python3.10/site-packages/pyspark/context.py", line 381, in signal_handler
    self.cancelAllJobs()
  File "/home/anhkhoa/.venv/lib/python3.10/site-packages/pyspark/context.py", line 2446, in cancelAllJobs
    self._jsc.sc().cancelAllJobs()
  File "/home/anhkhoa/.venv/lib/python3.10/site-packages/py4j/java_gateway.py", line 1322, in __call__
    return_value = get_return_value(
  File "/home/anhkhoa/.venv/lib/python3.10/site-packages/pyspark/errors/exceptions/captured.py", line 179, in deco
    return f(*a, **kw)
  File "/home/anhkhoa/.venv/lib/python3.10/site-packages/py4j/protocol.py", line 334, in get_return_value
    raise Py4JError(
py4j.protocol.Py4JError: An error occurred while calling o30.sc

During handling of the above exception, another exception occurred:

Traceback (most recent call last):
  File "/home/anhkhoa/.venv/lib/python3.10/site-packages/py4j/java_gateway.py", line 1038, in send_command
    response = connection.send_command(command)
  File "/home/anhkhoa/.venv/lib/python3.10/site-packages/py4j/clientserver.py", line 539, in send_command
    raise Py4JNetworkError(
py4j.protocol.Py4JNetworkError: Error while sending or receiving
2025-06-30 15:43:10,182 [INFO] Closing down clientserver connection
2025-06-30 15:43:10,199 [INFO] Closing down clientserver connection
2025-06-30 15:44:32,992 [INFO] ✅ Spark connection created successfully.
2025-06-30 15:44:35,048 [INFO] ✅ Selection dataframe created from Kafka stream
2025-06-30 15:44:35,088 [WARNING] Cluster.__init__ called with contact_points specified, but no load_balancing_policy. In the next major version, this will raise an error; please specify a load-balancing policy. (contact_points = ['localhost'], lbp = None)
2025-06-30 15:44:35,390 [INFO] Using datacenter 'datacenter1' for DCAwareRoundRobinPolicy (via host '127.0.0.1:9042'); if incorrect, please specify a local_dc to the constructor, or limit contact points to local cluster nodes
2025-06-30 15:44:36,016 [INFO] ⚡ Streaming started with feature extraction...
2025-06-30 15:44:36,038 [INFO] Callback Server Starting
2025-06-30 15:44:36,038 [INFO] Socket listening on ('127.0.0.1', 36497)
2025-06-30 15:44:38,309 [INFO] Python Server ready to receive messages
2025-06-30 15:44:38,309 [INFO] Received command c on object id p0
2025-06-30 15:45:19,308 [INFO] Received command c on object id p0
2025-06-30 15:45:32,725 [INFO] Received command c on object id p0
2025-06-30 15:45:54,684 [INFO] Received command c on object id p0
2025-06-30 15:47:46,681 [INFO] Error while receiving.
Traceback (most recent call last):
  File "/home/anhkhoa/.venv/lib/python3.10/site-packages/py4j/clientserver.py", line 511, in send_command
    answer = smart_decode(self.stream.readline()[:-1])
RuntimeError: reentrant call inside <_io.BufferedReader name=4>
2025-06-30 15:47:47,000 [INFO] Closing down clientserver connection
2025-06-30 15:47:47,105 [ERROR] Exception while sending command.
Traceback (most recent call last):
  File "/home/anhkhoa/.venv/lib/python3.10/site-packages/py4j/clientserver.py", line 511, in send_command
    answer = smart_decode(self.stream.readline()[:-1])
RuntimeError: reentrant call inside <_io.BufferedReader name=4>

During handling of the above exception, another exception occurred:

Traceback (most recent call last):
  File "/home/anhkhoa/.venv/lib/python3.10/site-packages/py4j/java_gateway.py", line 1038, in send_command
    response = connection.send_command(command)
  File "/home/anhkhoa/.venv/lib/python3.10/site-packages/py4j/clientserver.py", line 539, in send_command
    raise Py4JNetworkError(
py4j.protocol.Py4JNetworkError: Error while sending or receiving
2025-06-30 15:47:47,197 [INFO] Error while receiving.
Traceback (most recent call last):
  File "/home/anhkhoa/.venv/lib/python3.10/site-packages/py4j/clientserver.py", line 511, in send_command
    answer = smart_decode(self.stream.readline()[:-1])
  File "/usr/lib/python3.10/socket.py", line 705, in readinto
    return self._sock.recv_into(b)
  File "/home/anhkhoa/.venv/lib/python3.10/site-packages/pyspark/context.py", line 381, in signal_handler
    self.cancelAllJobs()
  File "/home/anhkhoa/.venv/lib/python3.10/site-packages/pyspark/context.py", line 2446, in cancelAllJobs
    self._jsc.sc().cancelAllJobs()
  File "/home/anhkhoa/.venv/lib/python3.10/site-packages/py4j/java_gateway.py", line 1322, in __call__
    return_value = get_return_value(
  File "/home/anhkhoa/.venv/lib/python3.10/site-packages/pyspark/errors/exceptions/captured.py", line 179, in deco
    return f(*a, **kw)
  File "/home/anhkhoa/.venv/lib/python3.10/site-packages/py4j/protocol.py", line 334, in get_return_value
    raise Py4JError(
py4j.protocol.Py4JError: An error occurred while calling o30.sc
2025-06-30 15:47:47,280 [INFO] Closing down clientserver connection
2025-06-30 15:47:47,281 [ERROR] Exception while sending command.
Traceback (most recent call last):
  File "/home/anhkhoa/.venv/lib/python3.10/site-packages/py4j/clientserver.py", line 511, in send_command
    answer = smart_decode(self.stream.readline()[:-1])
  File "/usr/lib/python3.10/socket.py", line 705, in readinto
    return self._sock.recv_into(b)
  File "/home/anhkhoa/.venv/lib/python3.10/site-packages/pyspark/context.py", line 381, in signal_handler
    self.cancelAllJobs()
  File "/home/anhkhoa/.venv/lib/python3.10/site-packages/pyspark/context.py", line 2446, in cancelAllJobs
    self._jsc.sc().cancelAllJobs()
  File "/home/anhkhoa/.venv/lib/python3.10/site-packages/py4j/java_gateway.py", line 1322, in __call__
    return_value = get_return_value(
  File "/home/anhkhoa/.venv/lib/python3.10/site-packages/pyspark/errors/exceptions/captured.py", line 179, in deco
    return f(*a, **kw)
  File "/home/anhkhoa/.venv/lib/python3.10/site-packages/py4j/protocol.py", line 334, in get_return_value
    raise Py4JError(
py4j.protocol.Py4JError: An error occurred while calling o30.sc

During handling of the above exception, another exception occurred:

Traceback (most recent call last):
  File "/home/anhkhoa/.venv/lib/python3.10/site-packages/py4j/java_gateway.py", line 1038, in send_command
    response = connection.send_command(command)
  File "/home/anhkhoa/.venv/lib/python3.10/site-packages/py4j/clientserver.py", line 539, in send_command
    raise Py4JNetworkError(
py4j.protocol.Py4JNetworkError: Error while sending or receiving
2025-06-30 15:47:47,289 [INFO] Closing down clientserver connection
2025-06-30 15:50:38,105 [INFO] ✅ Spark connection created successfully.
2025-06-30 15:50:40,224 [INFO] ✅ Selection dataframe created from Kafka stream
2025-06-30 15:50:40,256 [WARNING] Cluster.__init__ called with contact_points specified, but no load_balancing_policy. In the next major version, this will raise an error; please specify a load-balancing policy. (contact_points = ['localhost'], lbp = None)
2025-06-30 15:50:40,518 [INFO] Using datacenter 'datacenter1' for DCAwareRoundRobinPolicy (via host '127.0.0.1:9042'); if incorrect, please specify a local_dc to the constructor, or limit contact points to local cluster nodes
2025-06-30 15:50:44,733 [INFO] ⚡ Streaming started with feature extraction...
2025-06-30 15:50:44,765 [INFO] Callback Server Starting
2025-06-30 15:50:44,765 [INFO] Socket listening on ('127.0.0.1', 41333)
2025-06-30 15:50:46,528 [INFO] Python Server ready to receive messages
2025-06-30 15:50:46,528 [INFO] Received command c on object id p0
2025-06-30 15:53:44,186 [WARNING] Heartbeat failed for connection (140525976682400) to 127.0.0.1:9042
2025-06-30 15:53:44,292 [WARNING] Host 127.0.0.1:9042 has been marked down
2025-06-30 15:53:44,426 [WARNING] [control connection] Error connecting to 127.0.0.1:9042:
Traceback (most recent call last):
  File "cassandra/cluster.py", line 3577, in cassandra.cluster.ControlConnection._reconnect_internal
  File "cassandra/cluster.py", line 3599, in cassandra.cluster.ControlConnection._try_connect
  File "cassandra/cluster.py", line 1670, in cassandra.cluster.Cluster.connection_factory
  File "cassandra/connection.py", line 852, in cassandra.connection.Connection.factory
  File "/home/anhkhoa/.venv/lib/python3.10/site-packages/cassandra/io/libevreactor.py", line 350, in handle_read
    buf = self._socket.recv(self.in_buffer_size)
ConnectionResetError: [Errno 104] Connection reset by peer
2025-06-30 15:58:16,883 [INFO] ✅ Spark connection created successfully.
2025-06-30 15:58:18,938 [INFO] ✅ Selection dataframe created from Kafka stream
2025-06-30 15:58:18,968 [WARNING] Cluster.__init__ called with contact_points specified, but no load_balancing_policy. In the next major version, this will raise an error; please specify a load-balancing policy. (contact_points = ['localhost'], lbp = None)
2025-06-30 15:58:19,212 [INFO] Using datacenter 'datacenter1' for DCAwareRoundRobinPolicy (via host '127.0.0.1:9042'); if incorrect, please specify a local_dc to the constructor, or limit contact points to local cluster nodes
2025-06-30 15:58:19,865 [INFO] ⚡ Streaming started with feature extraction...
2025-06-30 15:58:19,900 [INFO] Callback Server Starting
2025-06-30 15:58:19,901 [INFO] Socket listening on ('127.0.0.1', 43275)
2025-06-30 16:00:08,937 [INFO] Python Server ready to receive messages
2025-06-30 16:00:08,939 [INFO] Received command c on object id p0
2025-06-30 16:00:47,899 [INFO] Received command c on object id p0
2025-06-30 16:01:00,618 [INFO] Received command c on object id p0
2025-06-30 16:01:10,609 [INFO] Received command c on object id p0
2025-06-30 16:01:23,649 [INFO] Received command c on object id p0
2025-06-30 16:01:35,553 [INFO] Received command c on object id p0
2025-06-30 16:01:46,577 [INFO] Received command c on object id p0
2025-06-30 16:01:59,207 [INFO] Received command c on object id p0
2025-06-30 16:02:11,122 [INFO] Received command c on object id p0
2025-06-30 16:02:24,017 [INFO] Received command c on object id p0
2025-06-30 16:02:34,275 [INFO] Received command c on object id p0
2025-06-30 16:02:47,930 [INFO] Received command c on object id p0
2025-06-30 16:02:58,738 [INFO] Received command c on object id p0
2025-06-30 16:03:07,393 [INFO] Received command c on object id p0
2025-06-30 16:03:20,157 [INFO] Received command c on object id p0
2025-06-30 16:03:33,869 [INFO] Received command c on object id p0
2025-06-30 16:03:46,145 [INFO] Received command c on object id p0
2025-06-30 16:04:00,057 [INFO] Received command c on object id p0
2025-06-30 16:04:10,706 [INFO] Received command c on object id p0
2025-06-30 16:04:25,400 [INFO] Received command c on object id p0
2025-06-30 16:04:34,687 [INFO] Received command c on object id p0
2025-06-30 16:04:41,467 [INFO] Received command c on object id p0
2025-06-30 16:04:56,287 [INFO] Received command c on object id p0
2025-06-30 16:05:08,276 [INFO] Received command c on object id p0
2025-06-30 16:05:23,622 [INFO] Received command c on object id p0
2025-06-30 16:05:35,997 [INFO] Received command c on object id p0
2025-06-30 16:05:49,388 [INFO] Received command c on object id p0
2025-06-30 16:06:01,778 [INFO] Received command c on object id p0
2025-06-30 16:06:14,753 [INFO] Received command c on object id p0
2025-06-30 16:06:28,843 [INFO] Received command c on object id p0
2025-06-30 16:06:37,288 [INFO] Received command c on object id p0
2025-06-30 16:06:52,212 [INFO] Received command c on object id p0
2025-06-30 16:07:05,567 [INFO] Received command c on object id p0
2025-06-30 16:07:17,960 [INFO] Received command c on object id p0
2025-06-30 16:07:28,042 [INFO] Received command c on object id p0
2025-06-30 16:07:37,345 [INFO] Received command c on object id p0
2025-06-30 16:07:51,609 [INFO] Received command c on object id p0
2025-06-30 16:08:03,419 [INFO] Received command c on object id p0
2025-06-30 16:08:16,176 [INFO] Received command c on object id p0
2025-06-30 16:08:33,045 [INFO] Received command c on object id p0
2025-06-30 16:08:48,679 [INFO] Received command c on object id p0
2025-06-30 16:09:01,024 [INFO] Received command c on object id p0
2025-06-30 16:09:10,097 [INFO] Received command c on object id p0
2025-06-30 16:09:24,127 [INFO] Received command c on object id p0
2025-06-30 16:09:32,459 [INFO] Received command c on object id p0
2025-06-30 16:09:44,549 [INFO] Received command c on object id p0
2025-06-30 16:09:57,964 [INFO] Received command c on object id p0
2025-06-30 16:10:07,938 [INFO] Received command c on object id p0
2025-06-30 16:10:21,105 [INFO] Received command c on object id p0
2025-06-30 16:10:32,367 [INFO] Received command c on object id p0
2025-06-30 16:10:45,339 [INFO] Received command c on object id p0
2025-06-30 16:10:59,689 [INFO] Received command c on object id p0
2025-06-30 16:11:12,175 [INFO] Received command c on object id p0
2025-06-30 16:11:26,375 [INFO] Received command c on object id p0
2025-06-30 16:11:35,016 [INFO] Received command c on object id p0
2025-06-30 16:11:44,841 [INFO] Received command c on object id p0
2025-06-30 16:11:56,711 [INFO] Received command c on object id p0
2025-06-30 16:12:08,593 [INFO] Received command c on object id p0
2025-06-30 16:12:19,624 [INFO] Received command c on object id p0
2025-06-30 16:12:29,871 [INFO] Received command c on object id p0
2025-06-30 16:12:43,291 [INFO] Received command c on object id p0
2025-06-30 16:12:55,778 [INFO] Received command c on object id p0
2025-06-30 16:13:01,925 [INFO] Received command c on object id p0
2025-06-30 16:13:10,077 [INFO] Received command c on object id p0
2025-06-30 16:13:25,484 [INFO] Received command c on object id p0
2025-06-30 16:13:35,755 [INFO] Received command c on object id p0
2025-06-30 16:13:47,895 [INFO] Received command c on object id p0
2025-06-30 16:13:59,948 [INFO] Received command c on object id p0
2025-06-30 16:14:12,871 [INFO] Received command c on object id p0
2025-06-30 16:14:24,738 [INFO] Received command c on object id p0
2025-06-30 16:14:37,813 [INFO] Received command c on object id p0
2025-06-30 16:14:51,079 [INFO] Received command c on object id p0
2025-06-30 16:15:00,244 [INFO] Received command c on object id p0
2025-06-30 16:15:13,766 [INFO] Received command c on object id p0
2025-06-30 16:15:28,305 [INFO] Received command c on object id p0
2025-06-30 16:15:38,593 [INFO] Received command c on object id p0
2025-06-30 16:15:48,661 [INFO] Received command c on object id p0
2025-06-30 16:15:59,780 [INFO] Received command c on object id p0
2025-06-30 16:16:10,909 [INFO] Received command c on object id p0
2025-06-30 16:16:24,840 [INFO] Received command c on object id p0
2025-06-30 16:16:35,685 [INFO] Received command c on object id p0
2025-06-30 16:16:51,119 [INFO] Received command c on object id p0
2025-06-30 16:17:05,118 [INFO] Received command c on object id p0
2025-06-30 16:17:15,754 [INFO] Received command c on object id p0
2025-06-30 16:17:27,019 [INFO] Received command c on object id p0
2025-06-30 16:17:38,982 [INFO] Received command c on object id p0
2025-06-30 16:17:50,369 [INFO] Received command c on object id p0
2025-06-30 16:17:58,929 [INFO] Received command c on object id p0
2025-06-30 16:18:10,526 [INFO] Received command c on object id p0
2025-06-30 16:18:21,644 [INFO] Received command c on object id p0
2025-06-30 16:18:32,301 [INFO] Received command c on object id p0
2025-06-30 16:18:44,242 [INFO] Received command c on object id p0
2025-06-30 16:18:53,509 [INFO] Received command c on object id p0
2025-06-30 16:19:02,720 [INFO] Received command c on object id p0
2025-06-30 16:19:16,195 [INFO] Received command c on object id p0
2025-06-30 16:19:25,981 [INFO] Received command c on object id p0
2025-06-30 16:19:37,248 [INFO] Received command c on object id p0
2025-06-30 16:19:44,304 [INFO] Error while receiving.
Traceback (most recent call last):
  File "/home/anhkhoa/.venv/lib/python3.10/site-packages/py4j/clientserver.py", line 511, in send_command
    answer = smart_decode(self.stream.readline()[:-1])
RuntimeError: reentrant call inside <_io.BufferedReader name=4>
2025-06-30 16:19:44,492 [INFO] Closing down clientserver connection
2025-06-30 16:19:44,495 [ERROR] Exception while sending command.
Traceback (most recent call last):
  File "/home/anhkhoa/.venv/lib/python3.10/site-packages/py4j/clientserver.py", line 511, in send_command
    answer = smart_decode(self.stream.readline()[:-1])
RuntimeError: reentrant call inside <_io.BufferedReader name=4>

During handling of the above exception, another exception occurred:

Traceback (most recent call last):
  File "/home/anhkhoa/.venv/lib/python3.10/site-packages/py4j/java_gateway.py", line 1038, in send_command
    response = connection.send_command(command)
  File "/home/anhkhoa/.venv/lib/python3.10/site-packages/py4j/clientserver.py", line 539, in send_command
    raise Py4JNetworkError(
py4j.protocol.Py4JNetworkError: Error while sending or receiving
2025-06-30 16:19:44,515 [INFO] Error while receiving.
Traceback (most recent call last):
  File "/home/anhkhoa/.venv/lib/python3.10/site-packages/py4j/clientserver.py", line 511, in send_command
    answer = smart_decode(self.stream.readline()[:-1])
  File "/usr/lib/python3.10/socket.py", line 705, in readinto
    return self._sock.recv_into(b)
  File "/home/anhkhoa/.venv/lib/python3.10/site-packages/pyspark/context.py", line 381, in signal_handler
    self.cancelAllJobs()
  File "/home/anhkhoa/.venv/lib/python3.10/site-packages/pyspark/context.py", line 2446, in cancelAllJobs
    self._jsc.sc().cancelAllJobs()
  File "/home/anhkhoa/.venv/lib/python3.10/site-packages/py4j/java_gateway.py", line 1322, in __call__
    return_value = get_return_value(
  File "/home/anhkhoa/.venv/lib/python3.10/site-packages/pyspark/errors/exceptions/captured.py", line 179, in deco
    return f(*a, **kw)
  File "/home/anhkhoa/.venv/lib/python3.10/site-packages/py4j/protocol.py", line 334, in get_return_value
    raise Py4JError(
py4j.protocol.Py4JError: An error occurred while calling o30.sc
2025-06-30 16:19:44,526 [INFO] Closing down clientserver connection
2025-06-30 16:19:44,527 [ERROR] Exception while sending command.
Traceback (most recent call last):
  File "/home/anhkhoa/.venv/lib/python3.10/site-packages/py4j/clientserver.py", line 511, in send_command
    answer = smart_decode(self.stream.readline()[:-1])
  File "/usr/lib/python3.10/socket.py", line 705, in readinto
    return self._sock.recv_into(b)
  File "/home/anhkhoa/.venv/lib/python3.10/site-packages/pyspark/context.py", line 381, in signal_handler
    self.cancelAllJobs()
  File "/home/anhkhoa/.venv/lib/python3.10/site-packages/pyspark/context.py", line 2446, in cancelAllJobs
    self._jsc.sc().cancelAllJobs()
  File "/home/anhkhoa/.venv/lib/python3.10/site-packages/py4j/java_gateway.py", line 1322, in __call__
    return_value = get_return_value(
  File "/home/anhkhoa/.venv/lib/python3.10/site-packages/pyspark/errors/exceptions/captured.py", line 179, in deco
    return f(*a, **kw)
  File "/home/anhkhoa/.venv/lib/python3.10/site-packages/py4j/protocol.py", line 334, in get_return_value
    raise Py4JError(
py4j.protocol.Py4JError: An error occurred while calling o30.sc

During handling of the above exception, another exception occurred:

Traceback (most recent call last):
  File "/home/anhkhoa/.venv/lib/python3.10/site-packages/py4j/java_gateway.py", line 1038, in send_command
    response = connection.send_command(command)
  File "/home/anhkhoa/.venv/lib/python3.10/site-packages/py4j/clientserver.py", line 539, in send_command
    raise Py4JNetworkError(
py4j.protocol.Py4JNetworkError: Error while sending or receiving
2025-06-30 16:19:44,528 [INFO] Closing down clientserver connection
2025-06-30 16:19:45,915 [INFO] Closing down clientserver connection
2025-07-01 00:47:34,687 [INFO] ✅ Spark connection created successfully.
2025-07-01 00:47:37,158 [INFO] ✅ Selection dataframe created from Kafka stream
2025-07-01 00:47:37,192 [WARNING] Cluster.__init__ called with contact_points specified, but no load_balancing_policy. In the next major version, this will raise an error; please specify a load-balancing policy. (contact_points = ['localhost'], lbp = None)
2025-07-01 00:47:37,542 [INFO] Using datacenter 'datacenter1' for DCAwareRoundRobinPolicy (via host '127.0.0.1:9042'); if incorrect, please specify a local_dc to the constructor, or limit contact points to local cluster nodes
2025-07-01 00:47:36,089 [INFO] ⚡ Streaming started with feature extraction...
2025-07-01 00:47:36,110 [INFO] Callback Server Starting
2025-07-01 00:47:36,111 [INFO] Socket listening on ('127.0.0.1', 38989)
2025-07-01 00:49:05,785 [INFO] Python Server ready to receive messages
2025-07-01 00:49:05,808 [INFO] Received command c on object id p0
2025-07-01 00:51:02,118 [WARNING] Heartbeat failed for connection (140270172779184) to 127.0.0.1:9042
2025-07-01 00:51:13,225 [WARNING] [control connection] Error connecting to 127.0.0.1:9042:
Traceback (most recent call last):
  File "cassandra/cluster.py", line 3577, in cassandra.cluster.ControlConnection._reconnect_internal
  File "cassandra/cluster.py", line 3654, in cassandra.cluster.ControlConnection._try_connect
  File "cassandra/cluster.py", line 3651, in cassandra.cluster.ControlConnection._try_connect
  File "cassandra/cluster.py", line 3753, in cassandra.cluster.ControlConnection._refresh_schema
  File "cassandra/metadata.py", line 140, in cassandra.metadata.Metadata.refresh
  File "cassandra/metadata.py", line 163, in cassandra.metadata.Metadata._rebuild_all
  File "cassandra/metadata.py", line 2518, in get_all_keyspaces
  File "cassandra/metadata.py", line 2027, in get_all_keyspaces
  File "cassandra/metadata.py", line 2715, in cassandra.metadata.SchemaParserV3._query_all
  File "cassandra/connection.py", line 1126, in cassandra.connection.Connection.wait_for_responses
  File "cassandra/connection.py", line 1124, in cassandra.connection.Connection.wait_for_responses
  File "cassandra/connection.py", line 1636, in cassandra.connection.ResponseWaiter.deliver
cassandra.OperationTimedOut: errors=None, last_host=None
2025-07-01 00:51:13,183 [WARNING] [control connection] Error connecting to 127.0.0.1:9042:
Traceback (most recent call last):
  File "cassandra/cluster.py", line 3577, in cassandra.cluster.ControlConnection._reconnect_internal
  File "cassandra/cluster.py", line 3654, in cassandra.cluster.ControlConnection._try_connect
  File "cassandra/cluster.py", line 3651, in cassandra.cluster.ControlConnection._try_connect
  File "cassandra/cluster.py", line 3753, in cassandra.cluster.ControlConnection._refresh_schema
  File "cassandra/metadata.py", line 140, in cassandra.metadata.Metadata.refresh
  File "cassandra/metadata.py", line 163, in cassandra.metadata.Metadata._rebuild_all
  File "cassandra/metadata.py", line 2518, in get_all_keyspaces
  File "cassandra/metadata.py", line 2027, in get_all_keyspaces
  File "cassandra/metadata.py", line 2715, in cassandra.metadata.SchemaParserV3._query_all
  File "cassandra/connection.py", line 1126, in cassandra.connection.Connection.wait_for_responses
  File "cassandra/connection.py", line 1124, in cassandra.connection.Connection.wait_for_responses
  File "cassandra/connection.py", line 1636, in cassandra.connection.ResponseWaiter.deliver
cassandra.OperationTimedOut: errors=None, last_host=None
2025-07-01 00:56:37,459 [INFO] ✅ Spark connection created successfully.
2025-07-01 00:56:39,445 [INFO] ✅ Selection dataframe created from Kafka stream
2025-07-01 00:56:39,482 [WARNING] Cluster.__init__ called with contact_points specified, but no load_balancing_policy. In the next major version, this will raise an error; please specify a load-balancing policy. (contact_points = ['localhost'], lbp = None)
2025-07-01 00:56:39,778 [INFO] Using datacenter 'datacenter1' for DCAwareRoundRobinPolicy (via host '127.0.0.1:9042'); if incorrect, please specify a local_dc to the constructor, or limit contact points to local cluster nodes
2025-07-01 00:56:40,335 [INFO] ⚡ Streaming started with feature extraction...
2025-07-01 00:56:40,369 [INFO] Callback Server Starting
2025-07-01 00:56:40,370 [INFO] Socket listening on ('127.0.0.1', 42391)
2025-07-01 00:56:42,796 [INFO] Python Server ready to receive messages
2025-07-01 00:56:42,796 [INFO] Received command c on object id p0
2025-07-01 00:57:16,616 [INFO] Received command c on object id p0
2025-07-01 00:57:27,014 [INFO] Received command c on object id p0
2025-07-01 00:57:38,598 [INFO] Received command c on object id p0
2025-07-01 00:57:44,485 [INFO] Error while receiving.
Traceback (most recent call last):
  File "/home/anhkhoa/.venv/lib/python3.10/site-packages/py4j/clientserver.py", line 511, in send_command
    answer = smart_decode(self.stream.readline()[:-1])
RuntimeError: reentrant call inside <_io.BufferedReader name=4>
2025-07-01 00:57:44,489 [INFO] Closing down clientserver connection
2025-07-01 00:57:44,489 [ERROR] Exception while sending command.
Traceback (most recent call last):
  File "/home/anhkhoa/.venv/lib/python3.10/site-packages/py4j/clientserver.py", line 511, in send_command
    answer = smart_decode(self.stream.readline()[:-1])
RuntimeError: reentrant call inside <_io.BufferedReader name=4>

During handling of the above exception, another exception occurred:

Traceback (most recent call last):
  File "/home/anhkhoa/.venv/lib/python3.10/site-packages/py4j/java_gateway.py", line 1038, in send_command
    response = connection.send_command(command)
  File "/home/anhkhoa/.venv/lib/python3.10/site-packages/py4j/clientserver.py", line 539, in send_command
    raise Py4JNetworkError(
py4j.protocol.Py4JNetworkError: Error while sending or receiving
2025-07-01 00:57:44,491 [INFO] Error while receiving.
Traceback (most recent call last):
  File "/home/anhkhoa/.venv/lib/python3.10/site-packages/py4j/clientserver.py", line 511, in send_command
    answer = smart_decode(self.stream.readline()[:-1])
  File "/usr/lib/python3.10/socket.py", line 705, in readinto
    return self._sock.recv_into(b)
  File "/home/anhkhoa/.venv/lib/python3.10/site-packages/pyspark/context.py", line 381, in signal_handler
    self.cancelAllJobs()
  File "/home/anhkhoa/.venv/lib/python3.10/site-packages/pyspark/context.py", line 2446, in cancelAllJobs
    self._jsc.sc().cancelAllJobs()
  File "/home/anhkhoa/.venv/lib/python3.10/site-packages/py4j/java_gateway.py", line 1322, in __call__
    return_value = get_return_value(
  File "/home/anhkhoa/.venv/lib/python3.10/site-packages/pyspark/errors/exceptions/captured.py", line 179, in deco
    return f(*a, **kw)
  File "/home/anhkhoa/.venv/lib/python3.10/site-packages/py4j/protocol.py", line 334, in get_return_value
    raise Py4JError(
py4j.protocol.Py4JError: An error occurred while calling o30.sc
2025-07-01 00:57:44,495 [INFO] Closing down clientserver connection
2025-07-01 00:57:44,495 [ERROR] Exception while sending command.
Traceback (most recent call last):
  File "/home/anhkhoa/.venv/lib/python3.10/site-packages/py4j/clientserver.py", line 511, in send_command
    answer = smart_decode(self.stream.readline()[:-1])
  File "/usr/lib/python3.10/socket.py", line 705, in readinto
    return self._sock.recv_into(b)
  File "/home/anhkhoa/.venv/lib/python3.10/site-packages/pyspark/context.py", line 381, in signal_handler
    self.cancelAllJobs()
  File "/home/anhkhoa/.venv/lib/python3.10/site-packages/pyspark/context.py", line 2446, in cancelAllJobs
    self._jsc.sc().cancelAllJobs()
  File "/home/anhkhoa/.venv/lib/python3.10/site-packages/py4j/java_gateway.py", line 1322, in __call__
    return_value = get_return_value(
  File "/home/anhkhoa/.venv/lib/python3.10/site-packages/pyspark/errors/exceptions/captured.py", line 179, in deco
    return f(*a, **kw)
  File "/home/anhkhoa/.venv/lib/python3.10/site-packages/py4j/protocol.py", line 334, in get_return_value
    raise Py4JError(
py4j.protocol.Py4JError: An error occurred while calling o30.sc

During handling of the above exception, another exception occurred:

Traceback (most recent call last):
  File "/home/anhkhoa/.venv/lib/python3.10/site-packages/py4j/java_gateway.py", line 1038, in send_command
    response = connection.send_command(command)
  File "/home/anhkhoa/.venv/lib/python3.10/site-packages/py4j/clientserver.py", line 539, in send_command
    raise Py4JNetworkError(
py4j.protocol.Py4JNetworkError: Error while sending or receiving
2025-07-01 00:57:44,495 [INFO] Closing down clientserver connection
2025-07-01 00:57:44,535 [INFO] Closing down clientserver connection
2025-07-01 01:19:41,517 [INFO] ✅ Spark connection created successfully.
2025-07-01 01:19:43,397 [INFO] ✅ Selection dataframe created from Kafka stream
2025-07-01 01:19:43,422 [WARNING] Cluster.__init__ called with contact_points specified, but no load_balancing_policy. In the next major version, this will raise an error; please specify a load-balancing policy. (contact_points = ['localhost'], lbp = None)
2025-07-01 01:19:43,629 [INFO] Using datacenter 'datacenter1' for DCAwareRoundRobinPolicy (via host '127.0.0.1:9042'); if incorrect, please specify a local_dc to the constructor, or limit contact points to local cluster nodes
2025-07-01 01:19:45,186 [INFO] ⚡ Streaming started with feature extraction...
2025-07-01 01:19:45,210 [INFO] Callback Server Starting
2025-07-01 01:19:45,210 [INFO] Socket listening on ('127.0.0.1', 35041)
2025-07-01 01:19:44,132 [INFO] Python Server ready to receive messages
2025-07-01 01:19:44,133 [INFO] Received command c on object id p0
2025-07-01 01:20:14,807 [INFO] Received command c on object id p0
2025-07-01 01:20:13,638 [INFO] Error while receiving.
Traceback (most recent call last):
  File "/home/anhkhoa/.venv/lib/python3.10/site-packages/py4j/clientserver.py", line 511, in send_command
    answer = smart_decode(self.stream.readline()[:-1])
RuntimeError: reentrant call inside <_io.BufferedReader name=4>
2025-07-01 01:20:13,642 [INFO] Closing down clientserver connection
2025-07-01 01:20:13,642 [ERROR] Exception while sending command.
Traceback (most recent call last):
  File "/home/anhkhoa/.venv/lib/python3.10/site-packages/py4j/clientserver.py", line 511, in send_command
    answer = smart_decode(self.stream.readline()[:-1])
RuntimeError: reentrant call inside <_io.BufferedReader name=4>

During handling of the above exception, another exception occurred:

Traceback (most recent call last):
  File "/home/anhkhoa/.venv/lib/python3.10/site-packages/py4j/java_gateway.py", line 1038, in send_command
    response = connection.send_command(command)
  File "/home/anhkhoa/.venv/lib/python3.10/site-packages/py4j/clientserver.py", line 539, in send_command
    raise Py4JNetworkError(
py4j.protocol.Py4JNetworkError: Error while sending or receiving
2025-07-01 01:20:13,643 [INFO] Error while receiving.
Traceback (most recent call last):
  File "/home/anhkhoa/.venv/lib/python3.10/site-packages/py4j/clientserver.py", line 511, in send_command
    answer = smart_decode(self.stream.readline()[:-1])
  File "/usr/lib/python3.10/socket.py", line 705, in readinto
    return self._sock.recv_into(b)
  File "/home/anhkhoa/.venv/lib/python3.10/site-packages/pyspark/context.py", line 381, in signal_handler
    self.cancelAllJobs()
  File "/home/anhkhoa/.venv/lib/python3.10/site-packages/pyspark/context.py", line 2446, in cancelAllJobs
    self._jsc.sc().cancelAllJobs()
  File "/home/anhkhoa/.venv/lib/python3.10/site-packages/py4j/java_gateway.py", line 1322, in __call__
    return_value = get_return_value(
  File "/home/anhkhoa/.venv/lib/python3.10/site-packages/pyspark/errors/exceptions/captured.py", line 179, in deco
    return f(*a, **kw)
  File "/home/anhkhoa/.venv/lib/python3.10/site-packages/py4j/protocol.py", line 334, in get_return_value
    raise Py4JError(
py4j.protocol.Py4JError: An error occurred while calling o30.sc
2025-07-01 01:20:13,646 [INFO] Closing down clientserver connection
2025-07-01 01:20:13,646 [ERROR] Exception while sending command.
Traceback (most recent call last):
  File "/home/anhkhoa/.venv/lib/python3.10/site-packages/py4j/clientserver.py", line 511, in send_command
    answer = smart_decode(self.stream.readline()[:-1])
  File "/usr/lib/python3.10/socket.py", line 705, in readinto
    return self._sock.recv_into(b)
  File "/home/anhkhoa/.venv/lib/python3.10/site-packages/pyspark/context.py", line 381, in signal_handler
    self.cancelAllJobs()
  File "/home/anhkhoa/.venv/lib/python3.10/site-packages/pyspark/context.py", line 2446, in cancelAllJobs
    self._jsc.sc().cancelAllJobs()
  File "/home/anhkhoa/.venv/lib/python3.10/site-packages/py4j/java_gateway.py", line 1322, in __call__
    return_value = get_return_value(
  File "/home/anhkhoa/.venv/lib/python3.10/site-packages/pyspark/errors/exceptions/captured.py", line 179, in deco
    return f(*a, **kw)
  File "/home/anhkhoa/.venv/lib/python3.10/site-packages/py4j/protocol.py", line 334, in get_return_value
    raise Py4JError(
py4j.protocol.Py4JError: An error occurred while calling o30.sc

During handling of the above exception, another exception occurred:

Traceback (most recent call last):
  File "/home/anhkhoa/.venv/lib/python3.10/site-packages/py4j/java_gateway.py", line 1038, in send_command
    response = connection.send_command(command)
  File "/home/anhkhoa/.venv/lib/python3.10/site-packages/py4j/clientserver.py", line 539, in send_command
    raise Py4JNetworkError(
py4j.protocol.Py4JNetworkError: Error while sending or receiving
2025-07-01 01:20:13,646 [INFO] Closing down clientserver connection
2025-07-01 01:20:13,668 [INFO] Closing down clientserver connection
2025-07-01 12:32:55,392 [INFO] ✅ Spark connection created successfully.
2025-07-01 12:32:57,904 [INFO] ✅ Selection dataframe created from Kafka stream
2025-07-01 12:32:57,938 [WARNING] Cluster.__init__ called with contact_points specified, but no load_balancing_policy. In the next major version, this will raise an error; please specify a load-balancing policy. (contact_points = ['localhost'], lbp = None)
2025-07-01 12:32:58,283 [INFO] Using datacenter 'datacenter1' for DCAwareRoundRobinPolicy (via host '127.0.0.1:9042'); if incorrect, please specify a local_dc to the constructor, or limit contact points to local cluster nodes
2025-07-01 12:32:59,025 [INFO] ⚡ Streaming started with feature extraction...
2025-07-01 12:32:59,063 [INFO] Callback Server Starting
2025-07-01 12:32:59,064 [INFO] Socket listening on ('127.0.0.1', 44925)
2025-07-01 12:33:52,719 [INFO] Python Server ready to receive messages
2025-07-01 12:33:52,728 [INFO] Received command c on object id p0
2025-07-01 12:34:48,413 [WARNING] [control connection] Error connecting to 127.0.0.1:9042:
Traceback (most recent call last):
  File "cassandra/cluster.py", line 3577, in cassandra.cluster.ControlConnection._reconnect_internal
  File "cassandra/cluster.py", line 3599, in cassandra.cluster.ControlConnection._try_connect
  File "cassandra/cluster.py", line 1670, in cassandra.cluster.Cluster.connection_factory
  File "cassandra/connection.py", line 846, in cassandra.connection.Connection.factory
  File "/home/anhkhoa/.venv/lib/python3.10/site-packages/cassandra/io/libevreactor.py", line 267, in __init__
    self._connect_socket()
  File "cassandra/connection.py", line 951, in cassandra.connection.Connection._connect_socket
ConnectionRefusedError: [Errno 111] Tried connecting to [('127.0.0.1', 9042)]. Last error: Connection refused
2025-07-01 12:34:48,380 [WARNING] Host 127.0.0.1:9042 has been marked down
2025-07-01 12:34:49,523 [WARNING] Error attempting to reconnect to 127.0.0.1:9042, scheduling retry in 2.28 seconds: [Errno 111] Tried connecting to [('127.0.0.1', 9042)]. Last error: Connection refused
2025-07-01 12:34:51,837 [WARNING] Error attempting to reconnect to 127.0.0.1:9042, scheduling retry in 3.68 seconds: [Errno 111] Tried connecting to [('127.0.0.1', 9042)]. Last error: Connection refused
2025-07-01 12:34:55,576 [WARNING] Error attempting to reconnect to 127.0.0.1:9042, scheduling retry in 8.24 seconds: [Errno 111] Tried connecting to [('127.0.0.1', 9042)]. Last error: Connection refused
2025-07-01 12:35:03,854 [WARNING] Error attempting to reconnect to 127.0.0.1:9042, scheduling retry in 14.88 seconds: [Errno 111] Tried connecting to [('127.0.0.1', 9042)]. Last error: Connection refused
2025-07-01 12:35:18,836 [WARNING] Error attempting to reconnect to 127.0.0.1:9042, scheduling retry in 28.48 seconds: [Errno 111] Tried connecting to [('127.0.0.1', 9042)]. Last error: Connection refused
2025-07-01 12:35:40,036 [INFO] Error while receiving.
Traceback (most recent call last):
  File "/home/anhkhoa/.venv/lib/python3.10/site-packages/py4j/clientserver.py", line 511, in send_command
    answer = smart_decode(self.stream.readline()[:-1])
RuntimeError: reentrant call inside <_io.BufferedReader name=4>
2025-07-01 12:35:40,057 [INFO] Closing down clientserver connection
2025-07-01 12:35:40,058 [ERROR] Exception while sending command.
Traceback (most recent call last):
  File "/home/anhkhoa/.venv/lib/python3.10/site-packages/py4j/clientserver.py", line 511, in send_command
    answer = smart_decode(self.stream.readline()[:-1])
RuntimeError: reentrant call inside <_io.BufferedReader name=4>

During handling of the above exception, another exception occurred:

Traceback (most recent call last):
  File "/home/anhkhoa/.venv/lib/python3.10/site-packages/py4j/java_gateway.py", line 1038, in send_command
    response = connection.send_command(command)
  File "/home/anhkhoa/.venv/lib/python3.10/site-packages/py4j/clientserver.py", line 539, in send_command
    raise Py4JNetworkError(
py4j.protocol.Py4JNetworkError: Error while sending or receiving
2025-07-01 12:35:40,064 [INFO] Error while receiving.
Traceback (most recent call last):
  File "/home/anhkhoa/.venv/lib/python3.10/site-packages/py4j/clientserver.py", line 511, in send_command
    answer = smart_decode(self.stream.readline()[:-1])
  File "/usr/lib/python3.10/socket.py", line 705, in readinto
    return self._sock.recv_into(b)
  File "/home/anhkhoa/.venv/lib/python3.10/site-packages/pyspark/context.py", line 381, in signal_handler
    self.cancelAllJobs()
  File "/home/anhkhoa/.venv/lib/python3.10/site-packages/pyspark/context.py", line 2446, in cancelAllJobs
    self._jsc.sc().cancelAllJobs()
  File "/home/anhkhoa/.venv/lib/python3.10/site-packages/py4j/java_gateway.py", line 1322, in __call__
    return_value = get_return_value(
  File "/home/anhkhoa/.venv/lib/python3.10/site-packages/pyspark/errors/exceptions/captured.py", line 179, in deco
    return f(*a, **kw)
  File "/home/anhkhoa/.venv/lib/python3.10/site-packages/py4j/protocol.py", line 334, in get_return_value
    raise Py4JError(
py4j.protocol.Py4JError: An error occurred while calling o30.sc
2025-07-01 12:35:40,073 [INFO] Closing down clientserver connection
2025-07-01 12:35:40,073 [ERROR] Exception while sending command.
Traceback (most recent call last):
  File "/home/anhkhoa/.venv/lib/python3.10/site-packages/py4j/clientserver.py", line 511, in send_command
    answer = smart_decode(self.stream.readline()[:-1])
  File "/usr/lib/python3.10/socket.py", line 705, in readinto
    return self._sock.recv_into(b)
  File "/home/anhkhoa/.venv/lib/python3.10/site-packages/pyspark/context.py", line 381, in signal_handler
    self.cancelAllJobs()
  File "/home/anhkhoa/.venv/lib/python3.10/site-packages/pyspark/context.py", line 2446, in cancelAllJobs
    self._jsc.sc().cancelAllJobs()
  File "/home/anhkhoa/.venv/lib/python3.10/site-packages/py4j/java_gateway.py", line 1322, in __call__
    return_value = get_return_value(
  File "/home/anhkhoa/.venv/lib/python3.10/site-packages/pyspark/errors/exceptions/captured.py", line 179, in deco
    return f(*a, **kw)
  File "/home/anhkhoa/.venv/lib/python3.10/site-packages/py4j/protocol.py", line 334, in get_return_value
    raise Py4JError(
py4j.protocol.Py4JError: An error occurred while calling o30.sc

During handling of the above exception, another exception occurred:

Traceback (most recent call last):
  File "/home/anhkhoa/.venv/lib/python3.10/site-packages/py4j/java_gateway.py", line 1038, in send_command
    response = connection.send_command(command)
  File "/home/anhkhoa/.venv/lib/python3.10/site-packages/py4j/clientserver.py", line 539, in send_command
    raise Py4JNetworkError(
py4j.protocol.Py4JNetworkError: Error while sending or receiving
2025-07-01 12:35:40,073 [INFO] Closing down clientserver connection
2025-07-01 12:35:40,671 [INFO] Closing down clientserver connection
2025-07-01 12:36:02,601 [INFO] ✅ Spark connection created successfully.
2025-07-01 12:36:04,472 [INFO] ✅ Selection dataframe created from Kafka stream
2025-07-01 12:36:04,501 [WARNING] Cluster.__init__ called with contact_points specified, but no load_balancing_policy. In the next major version, this will raise an error; please specify a load-balancing policy. (contact_points = ['localhost'], lbp = None)
2025-07-01 12:36:04,752 [INFO] Using datacenter 'datacenter1' for DCAwareRoundRobinPolicy (via host '127.0.0.1:9042'); if incorrect, please specify a local_dc to the constructor, or limit contact points to local cluster nodes
2025-07-01 12:36:05,265 [INFO] ⚡ Streaming started with feature extraction...
2025-07-01 12:36:05,289 [INFO] Callback Server Starting
2025-07-01 12:36:05,289 [INFO] Socket listening on ('127.0.0.1', 34925)
2025-07-01 12:36:06,763 [INFO] Python Server ready to receive messages
2025-07-01 12:36:06,763 [INFO] Received command c on object id p0
2025-07-01 12:36:59,814 [WARNING] Host 127.0.0.1:9042 has been marked down
2025-07-01 12:36:59,826 [WARNING] [control connection] Error connecting to 127.0.0.1:9042:
Traceback (most recent call last):
  File "cassandra/cluster.py", line 3577, in cassandra.cluster.ControlConnection._reconnect_internal
  File "cassandra/cluster.py", line 3599, in cassandra.cluster.ControlConnection._try_connect
  File "cassandra/cluster.py", line 1670, in cassandra.cluster.Cluster.connection_factory
  File "cassandra/connection.py", line 846, in cassandra.connection.Connection.factory
  File "/home/anhkhoa/.venv/lib/python3.10/site-packages/cassandra/io/libevreactor.py", line 267, in __init__
    self._connect_socket()
  File "cassandra/connection.py", line 951, in cassandra.connection.Connection._connect_socket
ConnectionRefusedError: [Errno 111] Tried connecting to [('127.0.0.1', 9042)]. Last error: Connection refused
2025-07-01 12:37:00,834 [WARNING] Error attempting to reconnect to 127.0.0.1:9042, scheduling retry in 1.96 seconds: [Errno 111] Tried connecting to [('127.0.0.1', 9042)]. Last error: Connection refused
2025-07-01 12:37:02,851 [WARNING] Error attempting to reconnect to 127.0.0.1:9042, scheduling retry in 4.0 seconds: [Errno 111] Tried connecting to [('127.0.0.1', 9042)]. Last error: Connection refused
2025-07-01 12:37:04,961 [INFO] Error while receiving.
Traceback (most recent call last):
  File "/home/anhkhoa/.venv/lib/python3.10/site-packages/py4j/clientserver.py", line 511, in send_command
    answer = smart_decode(self.stream.readline()[:-1])
RuntimeError: reentrant call inside <_io.BufferedReader name=4>
2025-07-01 12:37:04,964 [INFO] Closing down clientserver connection
2025-07-01 12:37:04,965 [ERROR] Exception while sending command.
Traceback (most recent call last):
  File "/home/anhkhoa/.venv/lib/python3.10/site-packages/py4j/clientserver.py", line 511, in send_command
    answer = smart_decode(self.stream.readline()[:-1])
RuntimeError: reentrant call inside <_io.BufferedReader name=4>

During handling of the above exception, another exception occurred:

Traceback (most recent call last):
  File "/home/anhkhoa/.venv/lib/python3.10/site-packages/py4j/java_gateway.py", line 1038, in send_command
    response = connection.send_command(command)
  File "/home/anhkhoa/.venv/lib/python3.10/site-packages/py4j/clientserver.py", line 539, in send_command
    raise Py4JNetworkError(
py4j.protocol.Py4JNetworkError: Error while sending or receiving
2025-07-01 12:37:04,967 [INFO] Error while receiving.
Traceback (most recent call last):
  File "/home/anhkhoa/.venv/lib/python3.10/site-packages/py4j/clientserver.py", line 511, in send_command
    answer = smart_decode(self.stream.readline()[:-1])
  File "/usr/lib/python3.10/socket.py", line 705, in readinto
    return self._sock.recv_into(b)
  File "/home/anhkhoa/.venv/lib/python3.10/site-packages/pyspark/context.py", line 381, in signal_handler
    self.cancelAllJobs()
  File "/home/anhkhoa/.venv/lib/python3.10/site-packages/pyspark/context.py", line 2446, in cancelAllJobs
    self._jsc.sc().cancelAllJobs()
  File "/home/anhkhoa/.venv/lib/python3.10/site-packages/py4j/java_gateway.py", line 1322, in __call__
    return_value = get_return_value(
  File "/home/anhkhoa/.venv/lib/python3.10/site-packages/pyspark/errors/exceptions/captured.py", line 179, in deco
    return f(*a, **kw)
  File "/home/anhkhoa/.venv/lib/python3.10/site-packages/py4j/protocol.py", line 334, in get_return_value
    raise Py4JError(
py4j.protocol.Py4JError: An error occurred while calling o30.sc
2025-07-01 12:37:04,972 [INFO] Closing down clientserver connection
2025-07-01 12:37:04,972 [ERROR] Exception while sending command.
Traceback (most recent call last):
  File "/home/anhkhoa/.venv/lib/python3.10/site-packages/py4j/clientserver.py", line 511, in send_command
    answer = smart_decode(self.stream.readline()[:-1])
  File "/usr/lib/python3.10/socket.py", line 705, in readinto
    return self._sock.recv_into(b)
  File "/home/anhkhoa/.venv/lib/python3.10/site-packages/pyspark/context.py", line 381, in signal_handler
    self.cancelAllJobs()
  File "/home/anhkhoa/.venv/lib/python3.10/site-packages/pyspark/context.py", line 2446, in cancelAllJobs
    self._jsc.sc().cancelAllJobs()
  File "/home/anhkhoa/.venv/lib/python3.10/site-packages/py4j/java_gateway.py", line 1322, in __call__
    return_value = get_return_value(
  File "/home/anhkhoa/.venv/lib/python3.10/site-packages/pyspark/errors/exceptions/captured.py", line 179, in deco
    return f(*a, **kw)
  File "/home/anhkhoa/.venv/lib/python3.10/site-packages/py4j/protocol.py", line 334, in get_return_value
    raise Py4JError(
py4j.protocol.Py4JError: An error occurred while calling o30.sc

During handling of the above exception, another exception occurred:

Traceback (most recent call last):
  File "/home/anhkhoa/.venv/lib/python3.10/site-packages/py4j/java_gateway.py", line 1038, in send_command
    response = connection.send_command(command)
  File "/home/anhkhoa/.venv/lib/python3.10/site-packages/py4j/clientserver.py", line 539, in send_command
    raise Py4JNetworkError(
py4j.protocol.Py4JNetworkError: Error while sending or receiving
2025-07-01 12:37:04,972 [INFO] Closing down clientserver connection
2025-07-01 12:37:05,224 [INFO] Closing down clientserver connection
2025-07-01 12:38:03,470 [INFO] ✅ Spark connection created successfully.
2025-07-01 12:38:05,355 [INFO] ✅ Selection dataframe created from Kafka stream
2025-07-01 12:38:05,380 [WARNING] Cluster.__init__ called with contact_points specified, but no load_balancing_policy. In the next major version, this will raise an error; please specify a load-balancing policy. (contact_points = ['localhost'], lbp = None)
2025-07-01 12:38:05,595 [INFO] Using datacenter 'datacenter1' for DCAwareRoundRobinPolicy (via host '127.0.0.1:9042'); if incorrect, please specify a local_dc to the constructor, or limit contact points to local cluster nodes
2025-07-01 12:38:06,146 [INFO] ⚡ Streaming started with feature extraction...
2025-07-01 12:38:06,163 [INFO] Callback Server Starting
2025-07-01 12:38:06,164 [INFO] Socket listening on ('127.0.0.1', 44461)
2025-07-01 12:38:07,636 [INFO] Python Server ready to receive messages
2025-07-01 12:38:07,636 [INFO] Received command c on object id p0
2025-07-01 12:42:55,366 [INFO] ✅ Spark connection created successfully.
2025-07-01 12:42:57,111 [INFO] ✅ Selection dataframe created from Kafka stream
2025-07-01 12:42:57,141 [WARNING] Cluster.__init__ called with contact_points specified, but no load_balancing_policy. In the next major version, this will raise an error; please specify a load-balancing policy. (contact_points = ['localhost'], lbp = None)
2025-07-01 12:42:57,384 [INFO] Using datacenter 'datacenter1' for DCAwareRoundRobinPolicy (via host '127.0.0.1:9042'); if incorrect, please specify a local_dc to the constructor, or limit contact points to local cluster nodes
2025-07-01 12:42:58,104 [INFO] ⚡ Streaming started with feature extraction...
2025-07-01 12:42:58,125 [INFO] Callback Server Starting
2025-07-01 12:42:58,126 [INFO] Socket listening on ('127.0.0.1', 45041)
2025-07-01 12:43:00,132 [INFO] Python Server ready to receive messages
2025-07-01 12:43:00,133 [INFO] Received command c on object id p0
2025-07-01 12:43:34,379 [INFO] Received command c on object id p0
2025-07-01 12:43:45,963 [INFO] Received command c on object id p0
2025-07-01 12:43:58,833 [INFO] Received command c on object id p0
2025-07-01 12:44:22,883 [INFO] Received command c on object id p0
2025-07-01 12:44:40,447 [INFO] Received command c on object id p0
2025-07-01 12:49:14,653 [INFO] ✅ Spark connection created successfully.
2025-07-01 12:49:16,308 [INFO] ✅ Selection dataframe created from Kafka stream
2025-07-01 12:49:16,337 [WARNING] Cluster.__init__ called with contact_points specified, but no load_balancing_policy. In the next major version, this will raise an error; please specify a load-balancing policy. (contact_points = ['localhost'], lbp = None)
2025-07-01 12:49:16,572 [INFO] Using datacenter 'datacenter1' for DCAwareRoundRobinPolicy (via host '127.0.0.1:9042'); if incorrect, please specify a local_dc to the constructor, or limit contact points to local cluster nodes
2025-07-01 12:49:17,104 [INFO] ⚡ Streaming started with feature extraction...
2025-07-01 12:49:17,131 [INFO] Callback Server Starting
2025-07-01 12:49:17,133 [INFO] Socket listening on ('127.0.0.1', 35197)
2025-07-01 12:50:42,446 [INFO] Python Server ready to receive messages
2025-07-01 12:50:42,447 [INFO] Received command c on object id p0
2025-07-01 12:51:17,094 [INFO] Received command c on object id p0
2025-07-01 12:51:27,906 [INFO] Received command c on object id p0
2025-07-01 12:51:39,650 [INFO] Received command c on object id p0
2025-07-01 12:51:49,966 [INFO] Received command c on object id p0
2025-07-01 12:52:02,027 [INFO] Received command c on object id p0
2025-07-01 12:52:16,819 [INFO] Received command c on object id p0
2025-07-01 12:52:27,251 [INFO] Received command c on object id p0
2025-07-01 12:52:41,761 [INFO] Received command c on object id p0
2025-07-01 12:52:52,173 [INFO] Received command c on object id p0
2025-07-01 12:53:05,060 [INFO] Received command c on object id p0
2025-07-01 12:53:18,404 [INFO] Received command c on object id p0
2025-07-01 12:53:26,401 [INFO] Received command c on object id p0
2025-07-01 12:53:37,456 [INFO] Received command c on object id p0
2025-07-01 12:53:48,072 [INFO] Received command c on object id p0
2025-07-01 12:53:58,089 [INFO] Received command c on object id p0
2025-07-01 12:54:10,913 [INFO] Received command c on object id p0
2025-07-01 12:54:20,533 [INFO] Received command c on object id p0
2025-07-01 12:54:31,758 [INFO] Received command c on object id p0
2025-07-01 12:54:44,805 [INFO] Received command c on object id p0
2025-07-01 12:54:50,698 [INFO] Received command c on object id p0
2025-07-01 12:54:58,881 [INFO] Received command c on object id p0
2025-07-01 12:55:10,787 [INFO] Received command c on object id p0
2025-07-01 12:55:21,373 [INFO] Received command c on object id p0
2025-07-01 12:55:34,757 [INFO] Received command c on object id p0
2025-07-01 12:55:48,382 [INFO] Received command c on object id p0
2025-07-01 12:55:59,137 [INFO] Received command c on object id p0
2025-07-01 12:56:11,056 [INFO] Received command c on object id p0
2025-07-01 12:56:24,549 [INFO] Received command c on object id p0
2025-07-01 12:56:38,147 [INFO] Received command c on object id p0
2025-07-01 12:56:49,316 [INFO] Received command c on object id p0
2025-07-01 12:57:03,957 [INFO] Received command c on object id p0
2025-07-01 12:57:16,037 [INFO] Received command c on object id p0
2025-07-01 12:57:29,348 [INFO] Received command c on object id p0
2025-07-01 12:57:36,982 [INFO] Received command c on object id p0
2025-07-01 12:57:48,197 [INFO] Received command c on object id p0
2025-07-01 12:58:01,271 [INFO] Received command c on object id p0
2025-07-01 12:58:13,530 [INFO] Received command c on object id p0
2025-07-01 12:58:26,790 [INFO] Received command c on object id p0
2025-07-01 12:58:41,209 [INFO] Received command c on object id p0
2025-07-01 12:58:56,633 [INFO] Received command c on object id p0
2025-07-01 12:59:06,659 [INFO] Received command c on object id p0
2025-07-01 12:59:18,382 [INFO] Received command c on object id p0
2025-07-01 12:59:32,662 [INFO] Received command c on object id p0
2025-07-01 12:59:41,984 [INFO] Received command c on object id p0
2025-07-01 12:59:54,347 [INFO] Received command c on object id p0
2025-07-01 13:00:06,160 [INFO] Received command c on object id p0
2025-07-01 13:00:19,259 [INFO] Received command c on object id p0
2025-07-01 13:00:31,401 [INFO] Received command c on object id p0
2025-07-01 13:03:42,437 [WARNING] Heartbeat failed for connection (140273718299856) to 127.0.0.1:9042
2025-07-01 13:03:47,303 [WARNING] Host 127.0.0.1:9042 has been marked down
2025-07-01 13:05:54,423 [INFO] ✅ Spark connection created successfully.
2025-07-01 13:05:56,871 [INFO] ✅ Selection dataframe created from Kafka stream
2025-07-01 13:05:56,909 [WARNING] Cluster.__init__ called with contact_points specified, but no load_balancing_policy. In the next major version, this will raise an error; please specify a load-balancing policy. (contact_points = ['localhost'], lbp = None)
2025-07-01 13:05:57,277 [INFO] Using datacenter 'datacenter1' for DCAwareRoundRobinPolicy (via host '127.0.0.1:9042'); if incorrect, please specify a local_dc to the constructor, or limit contact points to local cluster nodes
2025-07-01 13:05:57,388 [INFO] ⚡ Streaming started with feature extraction...
2025-07-01 13:05:57,415 [INFO] Callback Server Starting
2025-07-01 13:05:57,415 [INFO] Socket listening on ('127.0.0.1', 40405)
2025-07-01 13:05:59,485 [INFO] Python Server ready to receive messages
2025-07-01 13:05:59,486 [INFO] Received command c on object id p0
2025-07-01 13:06:39,904 [INFO] Received command c on object id p0
2025-07-01 13:06:52,430 [INFO] Received command c on object id p0
2025-07-01 13:07:04,621 [INFO] Received command c on object id p0
2025-07-01 13:07:21,109 [INFO] Received command c on object id p0
2025-07-01 13:07:32,628 [INFO] Received command c on object id p0
2025-07-01 13:07:41,834 [INFO] Received command c on object id p0
2025-07-01 13:07:51,549 [INFO] Received command c on object id p0
2025-07-01 13:08:01,783 [INFO] Received command c on object id p0
2025-07-01 13:08:16,561 [INFO] Received command c on object id p0
2025-07-01 13:08:26,094 [INFO] Received command c on object id p0
2025-07-01 13:08:38,851 [INFO] Received command c on object id p0
2025-07-01 13:08:52,204 [INFO] Received command c on object id p0
2025-07-01 13:09:01,947 [INFO] Received command c on object id p0
2025-07-01 13:09:10,234 [INFO] Received command c on object id p0
2025-07-01 13:09:19,263 [INFO] Received command c on object id p0
2025-07-01 13:09:32,398 [INFO] Received command c on object id p0
2025-07-01 13:09:45,408 [INFO] Received command c on object id p0
2025-07-01 13:09:55,795 [INFO] Received command c on object id p0
2025-07-01 13:10:12,651 [INFO] Received command c on object id p0
2025-07-01 13:10:25,620 [INFO] Received command c on object id p0
2025-07-01 13:10:38,815 [INFO] Received command c on object id p0
2025-07-01 13:10:51,790 [INFO] Received command c on object id p0
2025-07-01 13:11:05,002 [INFO] Received command c on object id p0
2025-07-01 13:11:17,433 [INFO] Received command c on object id p0
2025-07-01 13:11:28,925 [INFO] Received command c on object id p0
2025-07-01 13:11:45,454 [INFO] Received command c on object id p0
2025-07-01 13:11:55,255 [INFO] Received command c on object id p0
2025-07-01 13:12:07,297 [INFO] Received command c on object id p0
2025-07-01 13:12:18,986 [INFO] Received command c on object id p0
2025-07-01 13:12:30,260 [INFO] Received command c on object id p0
2025-07-01 13:12:45,204 [INFO] Received command c on object id p0
2025-07-01 13:12:56,604 [INFO] Received command c on object id p0
2025-07-01 13:13:11,818 [INFO] Received command c on object id p0
2025-07-01 13:13:25,870 [INFO] Received command c on object id p0
2025-07-01 13:13:36,987 [INFO] Received command c on object id p0
2025-07-01 13:13:50,794 [INFO] Received command c on object id p0
2025-07-01 13:14:00,774 [INFO] Received command c on object id p0
2025-07-01 13:14:12,660 [INFO] Received command c on object id p0
2025-07-01 13:14:23,545 [INFO] Received command c on object id p0
2025-07-01 13:14:35,617 [INFO] Received command c on object id p0
2025-07-01 13:14:47,365 [INFO] Received command c on object id p0
2025-07-01 13:14:58,586 [INFO] Received command c on object id p0
2025-07-01 13:15:12,048 [INFO] Received command c on object id p0
2025-07-01 13:15:21,527 [INFO] Received command c on object id p0
2025-07-01 13:15:31,617 [INFO] Received command c on object id p0
2025-07-01 13:15:45,618 [INFO] Received command c on object id p0
2025-07-01 13:15:54,428 [INFO] Received command c on object id p0
2025-07-01 13:16:08,768 [INFO] Received command c on object id p0
2025-07-01 13:16:21,391 [INFO] Received command c on object id p0
2025-07-01 13:16:31,724 [INFO] Received command c on object id p0
2025-07-01 13:16:46,412 [INFO] Received command c on object id p0
2025-07-01 13:16:58,069 [INFO] Received command c on object id p0
2025-07-01 13:17:10,727 [INFO] Received command c on object id p0
2025-07-01 13:17:22,158 [INFO] Received command c on object id p0
2025-07-01 13:17:31,285 [INFO] Received command c on object id p0
2025-07-01 13:17:43,206 [INFO] Received command c on object id p0
2025-07-01 13:17:52,425 [INFO] Received command c on object id p0
2025-07-01 13:18:03,895 [INFO] Received command c on object id p0
2025-07-01 13:18:18,790 [INFO] Received command c on object id p0
2025-07-01 13:18:26,264 [INFO] Received command c on object id p0
2025-07-01 13:18:36,743 [INFO] Received command c on object id p0
2025-07-01 13:18:47,186 [INFO] Received command c on object id p0
2025-07-01 13:18:56,531 [INFO] Received command c on object id p0
2025-07-01 13:19:05,126 [INFO] Received command c on object id p0
2025-07-01 13:19:17,577 [INFO] Received command c on object id p0
2025-07-01 13:19:28,382 [INFO] Received command c on object id p0
2025-07-01 13:19:41,910 [INFO] Received command c on object id p0
2025-07-01 13:19:53,170 [INFO] Received command c on object id p0
2025-07-01 13:20:02,494 [INFO] Received command c on object id p0
2025-07-01 13:20:13,673 [INFO] Received command c on object id p0
2025-07-01 13:20:23,892 [INFO] Received command c on object id p0
2025-07-01 13:20:34,920 [INFO] Received command c on object id p0
2025-07-01 13:20:46,747 [INFO] Received command c on object id p0
2025-07-01 13:20:56,898 [INFO] Received command c on object id p0
2025-07-01 13:21:05,704 [INFO] Received command c on object id p0
2025-07-01 13:21:16,323 [INFO] Received command c on object id p0
2025-07-01 13:21:25,151 [INFO] Received command c on object id p0
2025-07-01 13:21:38,523 [INFO] Received command c on object id p0
2025-07-01 13:21:49,279 [INFO] Received command c on object id p0
2025-07-01 13:21:56,613 [INFO] Received command c on object id p0
2025-07-01 13:22:06,557 [INFO] Received command c on object id p0
2025-07-01 13:22:15,864 [INFO] Received command c on object id p0
2025-07-01 13:22:25,892 [INFO] Received command c on object id p0
2025-07-01 13:22:37,235 [INFO] Received command c on object id p0
2025-07-01 13:22:51,602 [INFO] Received command c on object id p0
2025-07-01 13:22:59,314 [INFO] Received command c on object id p0
2025-07-01 13:23:10,403 [INFO] Received command c on object id p0
2025-07-01 13:23:21,617 [INFO] Received command c on object id p0
2025-07-01 13:23:29,088 [INFO] Received command c on object id p0
2025-07-01 13:23:40,620 [INFO] Received command c on object id p0
2025-07-01 13:23:52,381 [INFO] Received command c on object id p0
2025-07-01 13:24:01,132 [INFO] Received command c on object id p0
2025-07-01 13:24:12,490 [INFO] Received command c on object id p0
2025-07-01 13:24:23,311 [INFO] Received command c on object id p0
2025-07-01 13:24:32,636 [INFO] Received command c on object id p0
2025-07-01 13:24:44,205 [INFO] Received command c on object id p0
2025-07-01 13:24:53,982 [INFO] Received command c on object id p0
2025-07-01 13:25:06,423 [INFO] Received command c on object id p0
2025-07-01 13:25:17,677 [INFO] Received command c on object id p0
2025-07-01 13:25:27,555 [INFO] Received command c on object id p0
2025-07-01 13:25:48,001 [INFO] Received command c on object id p0
2025-07-01 13:26:24,340 [INFO] Received command c on object id p0
2025-07-01 13:27:54,803 [WARNING] [control connection] Error connecting to 127.0.0.1:9042:
Traceback (most recent call last):
  File "cassandra/cluster.py", line 3577, in cassandra.cluster.ControlConnection._reconnect_internal
  File "cassandra/cluster.py", line 3599, in cassandra.cluster.ControlConnection._try_connect
  File "cassandra/cluster.py", line 1670, in cassandra.cluster.Cluster.connection_factory
  File "cassandra/connection.py", line 846, in cassandra.connection.Connection.factory
  File "/home/anhkhoa/.venv/lib/python3.10/site-packages/cassandra/io/libevreactor.py", line 267, in __init__
    self._connect_socket()
  File "cassandra/connection.py", line 951, in cassandra.connection.Connection._connect_socket
ConnectionRefusedError: [Errno 111] Tried connecting to [('127.0.0.1', 9042)]. Last error: Connection refused
2025-07-01 13:27:54,751 [WARNING] Host 127.0.0.1:9042 has been marked down
2025-07-01 13:27:56,018 [WARNING] Error attempting to reconnect to 127.0.0.1:9042, scheduling retry in 2.26 seconds: [Errno 111] Tried connecting to [('127.0.0.1', 9042)]. Last error: Connection refused
2025-07-01 13:27:58,329 [WARNING] Error attempting to reconnect to 127.0.0.1:9042, scheduling retry in 3.64 seconds: [Errno 111] Tried connecting to [('127.0.0.1', 9042)]. Last error: Connection refused
2025-07-01 13:27:59,870 [INFO] Error while receiving.
Traceback (most recent call last):
  File "/home/anhkhoa/.venv/lib/python3.10/site-packages/py4j/clientserver.py", line 511, in send_command
    answer = smart_decode(self.stream.readline()[:-1])
RuntimeError: reentrant call inside <_io.BufferedReader name=4>
2025-07-01 13:27:59,883 [INFO] Closing down clientserver connection
2025-07-01 13:27:59,884 [ERROR] Exception while sending command.
Traceback (most recent call last):
  File "/home/anhkhoa/.venv/lib/python3.10/site-packages/py4j/clientserver.py", line 511, in send_command
    answer = smart_decode(self.stream.readline()[:-1])
RuntimeError: reentrant call inside <_io.BufferedReader name=4>

During handling of the above exception, another exception occurred:

Traceback (most recent call last):
  File "/home/anhkhoa/.venv/lib/python3.10/site-packages/py4j/java_gateway.py", line 1038, in send_command
    response = connection.send_command(command)
  File "/home/anhkhoa/.venv/lib/python3.10/site-packages/py4j/clientserver.py", line 539, in send_command
    raise Py4JNetworkError(
py4j.protocol.Py4JNetworkError: Error while sending or receiving
2025-07-01 13:27:59,889 [INFO] Error while receiving.
Traceback (most recent call last):
  File "/home/anhkhoa/.venv/lib/python3.10/site-packages/py4j/clientserver.py", line 511, in send_command
    answer = smart_decode(self.stream.readline()[:-1])
  File "/usr/lib/python3.10/socket.py", line 705, in readinto
    return self._sock.recv_into(b)
  File "/home/anhkhoa/.venv/lib/python3.10/site-packages/pyspark/context.py", line 381, in signal_handler
    self.cancelAllJobs()
  File "/home/anhkhoa/.venv/lib/python3.10/site-packages/pyspark/context.py", line 2446, in cancelAllJobs
    self._jsc.sc().cancelAllJobs()
  File "/home/anhkhoa/.venv/lib/python3.10/site-packages/py4j/java_gateway.py", line 1322, in __call__
    return_value = get_return_value(
  File "/home/anhkhoa/.venv/lib/python3.10/site-packages/pyspark/errors/exceptions/captured.py", line 179, in deco
    return f(*a, **kw)
  File "/home/anhkhoa/.venv/lib/python3.10/site-packages/py4j/protocol.py", line 334, in get_return_value
    raise Py4JError(
py4j.protocol.Py4JError: An error occurred while calling o30.sc
2025-07-01 13:27:59,897 [INFO] Closing down clientserver connection
2025-07-01 13:27:59,897 [ERROR] Exception while sending command.
Traceback (most recent call last):
  File "/home/anhkhoa/.venv/lib/python3.10/site-packages/py4j/clientserver.py", line 511, in send_command
    answer = smart_decode(self.stream.readline()[:-1])
  File "/usr/lib/python3.10/socket.py", line 705, in readinto
    return self._sock.recv_into(b)
  File "/home/anhkhoa/.venv/lib/python3.10/site-packages/pyspark/context.py", line 381, in signal_handler
    self.cancelAllJobs()
  File "/home/anhkhoa/.venv/lib/python3.10/site-packages/pyspark/context.py", line 2446, in cancelAllJobs
    self._jsc.sc().cancelAllJobs()
  File "/home/anhkhoa/.venv/lib/python3.10/site-packages/py4j/java_gateway.py", line 1322, in __call__
    return_value = get_return_value(
  File "/home/anhkhoa/.venv/lib/python3.10/site-packages/pyspark/errors/exceptions/captured.py", line 179, in deco
    return f(*a, **kw)
  File "/home/anhkhoa/.venv/lib/python3.10/site-packages/py4j/protocol.py", line 334, in get_return_value
    raise Py4JError(
py4j.protocol.Py4JError: An error occurred while calling o30.sc

During handling of the above exception, another exception occurred:

Traceback (most recent call last):
  File "/home/anhkhoa/.venv/lib/python3.10/site-packages/py4j/java_gateway.py", line 1038, in send_command
    response = connection.send_command(command)
  File "/home/anhkhoa/.venv/lib/python3.10/site-packages/py4j/clientserver.py", line 539, in send_command
    raise Py4JNetworkError(
py4j.protocol.Py4JNetworkError: Error while sending or receiving
2025-07-01 13:27:59,898 [INFO] Closing down clientserver connection
2025-07-01 13:28:00,897 [INFO] Closing down clientserver connection
2025-07-01 13:28:40,171 [INFO] ✅ Spark connection created successfully.
2025-07-01 13:28:38,572 [INFO] ✅ Selection dataframe created from Kafka stream
2025-07-01 13:28:38,604 [WARNING] Cluster.__init__ called with contact_points specified, but no load_balancing_policy. In the next major version, this will raise an error; please specify a load-balancing policy. (contact_points = ['localhost'], lbp = None)
2025-07-01 13:28:38,789 [INFO] Using datacenter 'datacenter1' for DCAwareRoundRobinPolicy (via host '127.0.0.1:9042'); if incorrect, please specify a local_dc to the constructor, or limit contact points to local cluster nodes
2025-07-01 13:28:38,836 [INFO] ⚡ Streaming started with feature extraction...
2025-07-01 13:28:38,855 [INFO] Callback Server Starting
2025-07-01 13:28:38,856 [INFO] Socket listening on ('127.0.0.1', 33229)
2025-07-01 13:28:40,533 [INFO] Python Server ready to receive messages
2025-07-01 13:28:40,533 [INFO] Received command c on object id p0
2025-07-01 13:29:23,957 [INFO] Received command c on object id p0
2025-07-01 13:29:41,158 [INFO] Received command c on object id p0
2025-07-01 13:29:59,520 [INFO] Received command c on object id p0
2025-07-01 13:30:13,229 [INFO] Received command c on object id p0
2025-07-01 13:30:29,256 [INFO] Received command c on object id p0
2025-07-01 13:30:44,828 [INFO] Received command c on object id p0
2025-07-01 13:30:59,556 [INFO] Received command c on object id p0
2025-07-01 13:31:17,549 [INFO] Received command c on object id p0
2025-07-01 13:31:33,390 [INFO] Received command c on object id p0
2025-07-01 13:31:47,772 [INFO] Received command c on object id p0
2025-07-01 13:32:03,089 [INFO] Received command c on object id p0
2025-07-01 13:32:12,928 [INFO] Received command c on object id p0
2025-07-01 13:32:34,191 [INFO] Received command c on object id p0
2025-07-01 13:32:56,389 [INFO] Received command c on object id p0
2025-07-01 13:33:11,150 [INFO] Received command c on object id p0
2025-07-01 13:33:34,509 [INFO] Received command c on object id p0
2025-07-01 13:33:48,807 [INFO] Received command c on object id p0
2025-07-01 13:34:06,039 [INFO] Received command c on object id p0
2025-07-01 13:34:28,494 [INFO] Received command c on object id p0
2025-07-01 13:34:38,692 [INFO] Received command c on object id p0
2025-07-01 13:34:47,118 [INFO] Received command c on object id p0
2025-07-01 13:34:57,887 [INFO] Received command c on object id p0
2025-07-01 13:35:10,469 [INFO] Received command c on object id p0
2025-07-01 13:35:30,791 [INFO] Received command c on object id p0
2025-07-01 13:35:39,876 [INFO] Received command c on object id p0
2025-07-01 13:35:52,226 [INFO] Received command c on object id p0
2025-07-01 13:36:06,590 [INFO] Received command c on object id p0
2025-07-01 13:36:15,732 [INFO] Received command c on object id p0
2025-07-01 13:36:27,747 [INFO] Received command c on object id p0
2025-07-01 13:36:40,174 [INFO] Received command c on object id p0
2025-07-01 13:36:55,513 [INFO] Received command c on object id p0
2025-07-01 13:37:08,756 [INFO] Received command c on object id p0
2025-07-01 13:37:29,411 [INFO] Received command c on object id p0
2025-07-01 13:37:45,021 [INFO] Received command c on object id p0
2025-07-01 13:38:00,755 [INFO] Received command c on object id p0
2025-07-01 13:38:14,772 [INFO] Received command c on object id p0
2025-07-01 13:38:31,368 [INFO] Received command c on object id p0
2025-07-01 13:38:40,606 [INFO] Received command c on object id p0
2025-07-01 13:39:01,386 [INFO] Received command c on object id p0
2025-07-01 13:39:12,702 [INFO] Received command c on object id p0
2025-07-01 13:39:26,016 [INFO] Received command c on object id p0
2025-07-01 13:39:45,831 [INFO] Received command c on object id p0
2025-07-01 13:39:59,991 [INFO] Received command c on object id p0
2025-07-01 13:40:16,947 [INFO] Received command c on object id p0
2025-07-01 13:40:31,218 [INFO] Received command c on object id p0
2025-07-01 13:40:42,738 [INFO] Received command c on object id p0
2025-07-01 13:41:06,228 [INFO] Received command c on object id p0
2025-07-01 13:42:40,292 [INFO] Error while receiving.
Traceback (most recent call last):
  File "/home/anhkhoa/.venv/lib/python3.10/site-packages/py4j/clientserver.py", line 511, in send_command
    answer = smart_decode(self.stream.readline()[:-1])
RuntimeError: reentrant call inside <_io.BufferedReader name=4>
2025-07-01 13:42:41,521 [INFO] Closing down clientserver connection
2025-07-01 13:42:41,908 [ERROR] Exception while sending command.
Traceback (most recent call last):
  File "/home/anhkhoa/.venv/lib/python3.10/site-packages/py4j/clientserver.py", line 511, in send_command
    answer = smart_decode(self.stream.readline()[:-1])
RuntimeError: reentrant call inside <_io.BufferedReader name=4>

During handling of the above exception, another exception occurred:

Traceback (most recent call last):
  File "/home/anhkhoa/.venv/lib/python3.10/site-packages/py4j/java_gateway.py", line 1038, in send_command
    response = connection.send_command(command)
  File "/home/anhkhoa/.venv/lib/python3.10/site-packages/py4j/clientserver.py", line 539, in send_command
    raise Py4JNetworkError(
py4j.protocol.Py4JNetworkError: Error while sending or receiving
2025-07-01 13:42:43,174 [INFO] Error while receiving.
Traceback (most recent call last):
  File "/home/anhkhoa/.venv/lib/python3.10/site-packages/py4j/clientserver.py", line 511, in send_command
    answer = smart_decode(self.stream.readline()[:-1])
  File "/usr/lib/python3.10/socket.py", line 705, in readinto
    return self._sock.recv_into(b)
  File "/home/anhkhoa/.venv/lib/python3.10/site-packages/pyspark/context.py", line 381, in signal_handler
    self.cancelAllJobs()
  File "/home/anhkhoa/.venv/lib/python3.10/site-packages/pyspark/context.py", line 2446, in cancelAllJobs
    self._jsc.sc().cancelAllJobs()
  File "/home/anhkhoa/.venv/lib/python3.10/site-packages/py4j/java_gateway.py", line 1322, in __call__
    return_value = get_return_value(
  File "/home/anhkhoa/.venv/lib/python3.10/site-packages/pyspark/errors/exceptions/captured.py", line 179, in deco
    return f(*a, **kw)
  File "/home/anhkhoa/.venv/lib/python3.10/site-packages/py4j/protocol.py", line 334, in get_return_value
    raise Py4JError(
py4j.protocol.Py4JError: An error occurred while calling o30.sc
2025-07-01 13:42:43,561 [INFO] Closing down clientserver connection
2025-07-01 13:42:43,719 [ERROR] Exception while sending command.
Traceback (most recent call last):
  File "/home/anhkhoa/.venv/lib/python3.10/site-packages/py4j/clientserver.py", line 511, in send_command
    answer = smart_decode(self.stream.readline()[:-1])
  File "/usr/lib/python3.10/socket.py", line 705, in readinto
    return self._sock.recv_into(b)
  File "/home/anhkhoa/.venv/lib/python3.10/site-packages/pyspark/context.py", line 381, in signal_handler
    self.cancelAllJobs()
  File "/home/anhkhoa/.venv/lib/python3.10/site-packages/pyspark/context.py", line 2446, in cancelAllJobs
    self._jsc.sc().cancelAllJobs()
  File "/home/anhkhoa/.venv/lib/python3.10/site-packages/py4j/java_gateway.py", line 1322, in __call__
    return_value = get_return_value(
  File "/home/anhkhoa/.venv/lib/python3.10/site-packages/pyspark/errors/exceptions/captured.py", line 179, in deco
    return f(*a, **kw)
  File "/home/anhkhoa/.venv/lib/python3.10/site-packages/py4j/protocol.py", line 334, in get_return_value
    raise Py4JError(
py4j.protocol.Py4JError: An error occurred while calling o30.sc

During handling of the above exception, another exception occurred:

Traceback (most recent call last):
  File "/home/anhkhoa/.venv/lib/python3.10/site-packages/py4j/java_gateway.py", line 1038, in send_command
    response = connection.send_command(command)
  File "/home/anhkhoa/.venv/lib/python3.10/site-packages/py4j/clientserver.py", line 539, in send_command
    raise Py4JNetworkError(
py4j.protocol.Py4JNetworkError: Error while sending or receiving
2025-07-01 13:42:44,113 [INFO] Closing down clientserver connection
2025-07-01 15:12:57,232 [INFO] ✅ Spark connection created successfully.
2025-07-01 15:12:59,180 [INFO] ✅ Selection dataframe created from Kafka stream
2025-07-01 15:12:59,207 [WARNING] Cluster.__init__ called with contact_points specified, but no load_balancing_policy. In the next major version, this will raise an error; please specify a load-balancing policy. (contact_points = ['localhost'], lbp = None)
2025-07-01 15:12:59,524 [INFO] Using datacenter 'datacenter1' for DCAwareRoundRobinPolicy (via host '127.0.0.1:9042'); if incorrect, please specify a local_dc to the constructor, or limit contact points to local cluster nodes
2025-07-01 15:12:59,560 [INFO] ⚡ Streaming started with feature extraction...
2025-07-01 15:12:59,577 [INFO] Callback Server Starting
2025-07-01 15:12:59,577 [INFO] Socket listening on ('127.0.0.1', 33125)
2025-07-01 15:13:01,667 [INFO] Python Server ready to receive messages
2025-07-01 15:13:01,667 [INFO] Received command c on object id p0
2025-07-01 15:13:04,654 [INFO] Error while receiving.
Traceback (most recent call last):
  File "/home/anhkhoa/.venv/lib/python3.10/site-packages/py4j/clientserver.py", line 511, in send_command
    answer = smart_decode(self.stream.readline()[:-1])
RuntimeError: reentrant call inside <_io.BufferedReader name=4>
2025-07-01 15:13:04,656 [INFO] Closing down clientserver connection
2025-07-01 15:13:04,656 [ERROR] Exception while sending command.
Traceback (most recent call last):
  File "/home/anhkhoa/.venv/lib/python3.10/site-packages/py4j/clientserver.py", line 511, in send_command
    answer = smart_decode(self.stream.readline()[:-1])
RuntimeError: reentrant call inside <_io.BufferedReader name=4>

During handling of the above exception, another exception occurred:

Traceback (most recent call last):
  File "/home/anhkhoa/.venv/lib/python3.10/site-packages/py4j/java_gateway.py", line 1038, in send_command
    response = connection.send_command(command)
  File "/home/anhkhoa/.venv/lib/python3.10/site-packages/py4j/clientserver.py", line 539, in send_command
    raise Py4JNetworkError(
py4j.protocol.Py4JNetworkError: Error while sending or receiving
2025-07-01 15:13:04,658 [INFO] Error while receiving.
Traceback (most recent call last):
  File "/home/anhkhoa/.venv/lib/python3.10/site-packages/py4j/clientserver.py", line 511, in send_command
    answer = smart_decode(self.stream.readline()[:-1])
  File "/usr/lib/python3.10/socket.py", line 705, in readinto
    return self._sock.recv_into(b)
  File "/home/anhkhoa/.venv/lib/python3.10/site-packages/pyspark/context.py", line 381, in signal_handler
    self.cancelAllJobs()
  File "/home/anhkhoa/.venv/lib/python3.10/site-packages/pyspark/context.py", line 2446, in cancelAllJobs
    self._jsc.sc().cancelAllJobs()
  File "/home/anhkhoa/.venv/lib/python3.10/site-packages/py4j/java_gateway.py", line 1322, in __call__
    return_value = get_return_value(
  File "/home/anhkhoa/.venv/lib/python3.10/site-packages/pyspark/errors/exceptions/captured.py", line 179, in deco
    return f(*a, **kw)
  File "/home/anhkhoa/.venv/lib/python3.10/site-packages/py4j/protocol.py", line 334, in get_return_value
    raise Py4JError(
py4j.protocol.Py4JError: An error occurred while calling o30.sc
2025-07-01 15:13:04,662 [INFO] Closing down clientserver connection
2025-07-01 15:13:04,662 [ERROR] Exception while sending command.
Traceback (most recent call last):
  File "/home/anhkhoa/.venv/lib/python3.10/site-packages/py4j/clientserver.py", line 511, in send_command
    answer = smart_decode(self.stream.readline()[:-1])
  File "/usr/lib/python3.10/socket.py", line 705, in readinto
    return self._sock.recv_into(b)
  File "/home/anhkhoa/.venv/lib/python3.10/site-packages/pyspark/context.py", line 381, in signal_handler
    self.cancelAllJobs()
  File "/home/anhkhoa/.venv/lib/python3.10/site-packages/pyspark/context.py", line 2446, in cancelAllJobs
    self._jsc.sc().cancelAllJobs()
  File "/home/anhkhoa/.venv/lib/python3.10/site-packages/py4j/java_gateway.py", line 1322, in __call__
    return_value = get_return_value(
  File "/home/anhkhoa/.venv/lib/python3.10/site-packages/pyspark/errors/exceptions/captured.py", line 179, in deco
    return f(*a, **kw)
  File "/home/anhkhoa/.venv/lib/python3.10/site-packages/py4j/protocol.py", line 334, in get_return_value
    raise Py4JError(
py4j.protocol.Py4JError: An error occurred while calling o30.sc

During handling of the above exception, another exception occurred:

Traceback (most recent call last):
  File "/home/anhkhoa/.venv/lib/python3.10/site-packages/py4j/java_gateway.py", line 1038, in send_command
    response = connection.send_command(command)
  File "/home/anhkhoa/.venv/lib/python3.10/site-packages/py4j/clientserver.py", line 539, in send_command
    raise Py4JNetworkError(
py4j.protocol.Py4JNetworkError: Error while sending or receiving
2025-07-01 15:13:04,663 [INFO] Closing down clientserver connection
2025-07-01 15:13:04,685 [INFO] Closing down clientserver connection
2025-07-01 16:09:40,583 [ERROR] KeyboardInterrupt while sending command.
Traceback (most recent call last):
  File "/home/anhkhoa/.venv/lib/python3.10/site-packages/py4j/java_gateway.py", line 1038, in send_command
    response = connection.send_command(command)
  File "/home/anhkhoa/.venv/lib/python3.10/site-packages/py4j/clientserver.py", line 511, in send_command
    answer = smart_decode(self.stream.readline()[:-1])
  File "/usr/lib/python3.10/socket.py", line 705, in readinto
    return self._sock.recv_into(b)
KeyboardInterrupt
2025-07-01 16:09:40,635 [INFO] Closing down clientserver connection
2025-07-01 16:09:40,906 [INFO] Closing down clientserver connection
2025-07-01 16:09:41,819 [INFO] Closing down clientserver connection
2025-07-01 16:17:25,801 [INFO] ✅ Spark connection created successfully.
2025-07-01 16:17:27,535 [INFO] ✅ Selection dataframe created from Kafka stream
2025-07-01 16:17:27,566 [WARNING] Cluster.__init__ called with contact_points specified, but no load_balancing_policy. In the next major version, this will raise an error; please specify a load-balancing policy. (contact_points = ['localhost'], lbp = None)
2025-07-01 16:17:27,801 [INFO] Using datacenter 'datacenter1' for DCAwareRoundRobinPolicy (via host '127.0.0.1:9042'); if incorrect, please specify a local_dc to the constructor, or limit contact points to local cluster nodes
2025-07-01 16:17:27,839 [INFO] Closing down clientserver connection
2025-07-01 16:19:20,874 [INFO] ✅ Spark connection created successfully.
2025-07-01 16:19:22,754 [INFO] ✅ Selection dataframe created from Kafka stream
2025-07-01 16:19:22,786 [WARNING] Cluster.__init__ called with contact_points specified, but no load_balancing_policy. In the next major version, this will raise an error; please specify a load-balancing policy. (contact_points = ['localhost'], lbp = None)
2025-07-01 16:19:22,969 [INFO] Using datacenter 'datacenter1' for DCAwareRoundRobinPolicy (via host '127.0.0.1:9042'); if incorrect, please specify a local_dc to the constructor, or limit contact points to local cluster nodes
2025-07-01 16:19:23,010 [INFO] Closing down clientserver connection
2025-07-01 16:22:38,453 [INFO] ✅ Spark connection created successfully.
2025-07-01 16:22:40,095 [INFO] ✅ Selection dataframe created from Kafka stream
2025-07-01 16:22:40,117 [WARNING] Cluster.__init__ called with contact_points specified, but no load_balancing_policy. In the next major version, this will raise an error; please specify a load-balancing policy. (contact_points = ['localhost'], lbp = None)
2025-07-01 16:22:40,313 [INFO] Using datacenter 'datacenter1' for DCAwareRoundRobinPolicy (via host '127.0.0.1:9042'); if incorrect, please specify a local_dc to the constructor, or limit contact points to local cluster nodes
2025-07-01 16:22:40,339 [INFO] Closing down clientserver connection
2025-07-01 16:23:43,832 [INFO] ✅ Spark connection created successfully.
2025-07-01 16:23:45,372 [INFO] ✅ Selection dataframe created from Kafka stream
2025-07-01 16:23:45,392 [WARNING] Cluster.__init__ called with contact_points specified, but no load_balancing_policy. In the next major version, this will raise an error; please specify a load-balancing policy. (contact_points = ['localhost'], lbp = None)
2025-07-01 16:23:45,627 [INFO] Using datacenter 'datacenter1' for DCAwareRoundRobinPolicy (via host '127.0.0.1:9042'); if incorrect, please specify a local_dc to the constructor, or limit contact points to local cluster nodes
2025-07-01 16:23:45,666 [INFO] Closing down clientserver connection
2025-07-01 16:24:59,683 [INFO] ✅ Spark connection created successfully.
2025-07-01 16:25:01,241 [INFO] ✅ Selection dataframe created from Kafka stream
2025-07-01 16:25:01,265 [WARNING] Cluster.__init__ called with contact_points specified, but no load_balancing_policy. In the next major version, this will raise an error; please specify a load-balancing policy. (contact_points = ['localhost'], lbp = None)
2025-07-01 16:25:01,551 [INFO] Using datacenter 'datacenter1' for DCAwareRoundRobinPolicy (via host '127.0.0.1:9042'); if incorrect, please specify a local_dc to the constructor, or limit contact points to local cluster nodes
2025-07-01 16:25:01,584 [INFO] ⚡ Streaming started with feature extraction...
2025-07-01 16:25:01,604 [INFO] Callback Server Starting
2025-07-01 16:25:01,604 [INFO] Socket listening on ('127.0.0.1', 41519)
2025-07-01 16:27:31,385 [INFO] Closing down clientserver connection
2025-07-01 16:28:33,212 [INFO] ✅ Spark connection created successfully.
2025-07-01 16:28:32,864 [INFO] ✅ Selection dataframe created from Kafka stream
2025-07-01 16:28:32,891 [WARNING] Cluster.__init__ called with contact_points specified, but no load_balancing_policy. In the next major version, this will raise an error; please specify a load-balancing policy. (contact_points = ['localhost'], lbp = None)
2025-07-01 16:28:33,154 [INFO] Using datacenter 'datacenter1' for DCAwareRoundRobinPolicy (via host '127.0.0.1:9042'); if incorrect, please specify a local_dc to the constructor, or limit contact points to local cluster nodes
2025-07-01 16:28:33,218 [INFO] ⚡ Streaming started with feature extraction...
2025-07-01 16:28:33,242 [INFO] Callback Server Starting
2025-07-01 16:28:33,243 [INFO] Socket listening on ('127.0.0.1', 40283)
2025-07-01 16:28:35,480 [INFO] Python Server ready to receive messages
2025-07-01 16:28:35,480 [INFO] Received command c on object id p0
2025-07-01 16:28:42,105 [INFO] Received command c on object id p0
2025-07-01 16:28:43,260 [INFO] Received command c on object id p0
2025-07-01 16:28:44,400 [INFO] Received command c on object id p0
2025-07-01 16:28:44,459 [INFO] Error while receiving.
Traceback (most recent call last):
  File "/home/anhkhoa/.venv/lib/python3.10/site-packages/py4j/clientserver.py", line 511, in send_command
    answer = smart_decode(self.stream.readline()[:-1])
RuntimeError: reentrant call inside <_io.BufferedReader name=4>
2025-07-01 16:28:44,463 [INFO] Closing down clientserver connection
2025-07-01 16:28:44,463 [ERROR] Exception while sending command.
Traceback (most recent call last):
  File "/home/anhkhoa/.venv/lib/python3.10/site-packages/py4j/clientserver.py", line 511, in send_command
    answer = smart_decode(self.stream.readline()[:-1])
RuntimeError: reentrant call inside <_io.BufferedReader name=4>

During handling of the above exception, another exception occurred:

Traceback (most recent call last):
  File "/home/anhkhoa/.venv/lib/python3.10/site-packages/py4j/java_gateway.py", line 1038, in send_command
    response = connection.send_command(command)
  File "/home/anhkhoa/.venv/lib/python3.10/site-packages/py4j/clientserver.py", line 539, in send_command
    raise Py4JNetworkError(
py4j.protocol.Py4JNetworkError: Error while sending or receiving
2025-07-01 16:28:44,465 [INFO] Error while receiving.
Traceback (most recent call last):
  File "/home/anhkhoa/.venv/lib/python3.10/site-packages/py4j/clientserver.py", line 511, in send_command
    answer = smart_decode(self.stream.readline()[:-1])
  File "/usr/lib/python3.10/socket.py", line 705, in readinto
    return self._sock.recv_into(b)
  File "/home/anhkhoa/.venv/lib/python3.10/site-packages/pyspark/context.py", line 381, in signal_handler
    self.cancelAllJobs()
  File "/home/anhkhoa/.venv/lib/python3.10/site-packages/pyspark/context.py", line 2446, in cancelAllJobs
    self._jsc.sc().cancelAllJobs()
  File "/home/anhkhoa/.venv/lib/python3.10/site-packages/py4j/java_gateway.py", line 1322, in __call__
    return_value = get_return_value(
  File "/home/anhkhoa/.venv/lib/python3.10/site-packages/pyspark/errors/exceptions/captured.py", line 179, in deco
    return f(*a, **kw)
  File "/home/anhkhoa/.venv/lib/python3.10/site-packages/py4j/protocol.py", line 334, in get_return_value
    raise Py4JError(
py4j.protocol.Py4JError: An error occurred while calling o30.sc
2025-07-01 16:28:44,473 [INFO] Closing down clientserver connection
2025-07-01 16:28:44,474 [ERROR] Exception while sending command.
Traceback (most recent call last):
  File "/home/anhkhoa/.venv/lib/python3.10/site-packages/py4j/clientserver.py", line 511, in send_command
    answer = smart_decode(self.stream.readline()[:-1])
  File "/usr/lib/python3.10/socket.py", line 705, in readinto
    return self._sock.recv_into(b)
  File "/home/anhkhoa/.venv/lib/python3.10/site-packages/pyspark/context.py", line 381, in signal_handler
    self.cancelAllJobs()
  File "/home/anhkhoa/.venv/lib/python3.10/site-packages/pyspark/context.py", line 2446, in cancelAllJobs
    self._jsc.sc().cancelAllJobs()
  File "/home/anhkhoa/.venv/lib/python3.10/site-packages/py4j/java_gateway.py", line 1322, in __call__
    return_value = get_return_value(
  File "/home/anhkhoa/.venv/lib/python3.10/site-packages/pyspark/errors/exceptions/captured.py", line 179, in deco
    return f(*a, **kw)
  File "/home/anhkhoa/.venv/lib/python3.10/site-packages/py4j/protocol.py", line 334, in get_return_value
    raise Py4JError(
py4j.protocol.Py4JError: An error occurred while calling o30.sc

During handling of the above exception, another exception occurred:

Traceback (most recent call last):
  File "/home/anhkhoa/.venv/lib/python3.10/site-packages/py4j/java_gateway.py", line 1038, in send_command
    response = connection.send_command(command)
  File "/home/anhkhoa/.venv/lib/python3.10/site-packages/py4j/clientserver.py", line 539, in send_command
    raise Py4JNetworkError(
py4j.protocol.Py4JNetworkError: Error while sending or receiving
2025-07-01 16:28:44,474 [INFO] Closing down clientserver connection
2025-07-01 16:28:44,556 [INFO] Closing down clientserver connection
2025-07-01 16:30:53,826 [INFO] ✅ Spark connection created successfully.
2025-07-01 16:30:55,782 [INFO] ✅ Selection dataframe created from Kafka stream
2025-07-01 16:30:55,809 [WARNING] Cluster.__init__ called with contact_points specified, but no load_balancing_policy. In the next major version, this will raise an error; please specify a load-balancing policy. (contact_points = ['localhost'], lbp = None)
2025-07-01 16:30:56,014 [INFO] Using datacenter 'datacenter1' for DCAwareRoundRobinPolicy (via host '127.0.0.1:9042'); if incorrect, please specify a local_dc to the constructor, or limit contact points to local cluster nodes
2025-07-01 16:30:56,046 [INFO] ⚡ Streaming started with feature extraction...
2025-07-01 16:30:56,061 [INFO] Callback Server Starting
2025-07-01 16:30:56,063 [INFO] Socket listening on ('127.0.0.1', 35165)
2025-07-01 16:30:57,589 [INFO] Python Server ready to receive messages
2025-07-01 16:30:57,589 [INFO] Received command c on object id p0
2025-07-01 16:32:09,696 [WARNING] Heartbeat failed for connection (140257726267936) to 127.0.0.1:9042
2025-07-01 16:32:09,705 [WARNING] Heartbeat failed for connection (140257949772304) to 127.0.0.1:9042
2025-07-01 16:32:09,716 [WARNING] Host 127.0.0.1:9042 has been marked down
2025-07-01 16:32:10,732 [WARNING] Error attempting to reconnect to 127.0.0.1:9042, scheduling retry in 1.78 seconds: [Errno 111] Tried connecting to [('127.0.0.1', 9042)]. Last error: Connection refused
2025-07-01 16:32:12,540 [WARNING] Error attempting to reconnect to 127.0.0.1:9042, scheduling retry in 4.12 seconds: [Errno 111] Tried connecting to [('127.0.0.1', 9042)]. Last error: Connection refused
2025-07-01 16:32:16,682 [WARNING] Error attempting to reconnect to 127.0.0.1:9042, scheduling retry in 7.28 seconds: [Errno 111] Tried connecting to [('127.0.0.1', 9042)]. Last error: Connection refused
2025-07-01 16:32:24,042 [WARNING] Error attempting to reconnect to 127.0.0.1:9042, scheduling retry in 15.2 seconds: [Errno 111] Tried connecting to [('127.0.0.1', 9042)]. Last error: Connection refused
2025-07-01 16:32:39,307 [WARNING] Error attempting to reconnect to 127.0.0.1:9042, scheduling retry in 33.28 seconds: [Errno 111] Tried connecting to [('127.0.0.1', 9042)]. Last error: Connection refused
2025-07-01 16:33:12,691 [INFO] Successful reconnection to 127.0.0.1:9042, marking node up if it isn't already
2025-07-01 16:33:12,695 [INFO] Host 127.0.0.1:9042 may be up; will prepare queries and open connection pool
2025-07-01 16:33:12,713 [INFO] Connection pools established for node 127.0.0.1:9042
2025-07-01 16:35:04,392 [INFO] Error while receiving.
Traceback (most recent call last):
  File "/home/anhkhoa/.venv/lib/python3.10/site-packages/py4j/clientserver.py", line 511, in send_command
    answer = smart_decode(self.stream.readline()[:-1])
RuntimeError: reentrant call inside <_io.BufferedReader name=4>
2025-07-01 16:35:04,402 [INFO] Closing down clientserver connection
2025-07-01 16:35:04,402 [ERROR] Exception while sending command.
Traceback (most recent call last):
  File "/home/anhkhoa/.venv/lib/python3.10/site-packages/py4j/clientserver.py", line 511, in send_command
    answer = smart_decode(self.stream.readline()[:-1])
RuntimeError: reentrant call inside <_io.BufferedReader name=4>

During handling of the above exception, another exception occurred:

Traceback (most recent call last):
  File "/home/anhkhoa/.venv/lib/python3.10/site-packages/py4j/java_gateway.py", line 1038, in send_command
    response = connection.send_command(command)
  File "/home/anhkhoa/.venv/lib/python3.10/site-packages/py4j/clientserver.py", line 539, in send_command
    raise Py4JNetworkError(
py4j.protocol.Py4JNetworkError: Error while sending or receiving
2025-07-01 16:35:04,406 [INFO] Error while receiving.
Traceback (most recent call last):
  File "/home/anhkhoa/.venv/lib/python3.10/site-packages/py4j/clientserver.py", line 511, in send_command
    answer = smart_decode(self.stream.readline()[:-1])
  File "/usr/lib/python3.10/socket.py", line 705, in readinto
    return self._sock.recv_into(b)
  File "/home/anhkhoa/.venv/lib/python3.10/site-packages/pyspark/context.py", line 381, in signal_handler
    self.cancelAllJobs()
  File "/home/anhkhoa/.venv/lib/python3.10/site-packages/pyspark/context.py", line 2446, in cancelAllJobs
    self._jsc.sc().cancelAllJobs()
  File "/home/anhkhoa/.venv/lib/python3.10/site-packages/py4j/java_gateway.py", line 1322, in __call__
    return_value = get_return_value(
  File "/home/anhkhoa/.venv/lib/python3.10/site-packages/pyspark/errors/exceptions/captured.py", line 179, in deco
    return f(*a, **kw)
  File "/home/anhkhoa/.venv/lib/python3.10/site-packages/py4j/protocol.py", line 334, in get_return_value
    raise Py4JError(
py4j.protocol.Py4JError: An error occurred while calling o30.sc
2025-07-01 16:35:04,413 [INFO] Closing down clientserver connection
2025-07-01 16:35:04,413 [ERROR] Exception while sending command.
Traceback (most recent call last):
  File "/home/anhkhoa/.venv/lib/python3.10/site-packages/py4j/clientserver.py", line 511, in send_command
    answer = smart_decode(self.stream.readline()[:-1])
  File "/usr/lib/python3.10/socket.py", line 705, in readinto
    return self._sock.recv_into(b)
  File "/home/anhkhoa/.venv/lib/python3.10/site-packages/pyspark/context.py", line 381, in signal_handler
    self.cancelAllJobs()
  File "/home/anhkhoa/.venv/lib/python3.10/site-packages/pyspark/context.py", line 2446, in cancelAllJobs
    self._jsc.sc().cancelAllJobs()
  File "/home/anhkhoa/.venv/lib/python3.10/site-packages/py4j/java_gateway.py", line 1322, in __call__
    return_value = get_return_value(
  File "/home/anhkhoa/.venv/lib/python3.10/site-packages/pyspark/errors/exceptions/captured.py", line 179, in deco
    return f(*a, **kw)
  File "/home/anhkhoa/.venv/lib/python3.10/site-packages/py4j/protocol.py", line 334, in get_return_value
    raise Py4JError(
py4j.protocol.Py4JError: An error occurred while calling o30.sc

During handling of the above exception, another exception occurred:

Traceback (most recent call last):
  File "/home/anhkhoa/.venv/lib/python3.10/site-packages/py4j/java_gateway.py", line 1038, in send_command
    response = connection.send_command(command)
  File "/home/anhkhoa/.venv/lib/python3.10/site-packages/py4j/clientserver.py", line 539, in send_command
    raise Py4JNetworkError(
py4j.protocol.Py4JNetworkError: Error while sending or receiving
2025-07-01 16:35:04,414 [INFO] Closing down clientserver connection
2025-07-01 16:35:04,464 [INFO] Closing down clientserver connection
2025-07-01 16:35:29,729 [INFO] ✅ Spark connection created successfully.
2025-07-01 16:35:31,601 [INFO] ✅ Selection dataframe created from Kafka stream
2025-07-01 16:35:31,627 [WARNING] Cluster.__init__ called with contact_points specified, but no load_balancing_policy. In the next major version, this will raise an error; please specify a load-balancing policy. (contact_points = ['localhost'], lbp = None)
2025-07-01 16:35:31,813 [INFO] Using datacenter 'datacenter1' for DCAwareRoundRobinPolicy (via host '127.0.0.1:9042'); if incorrect, please specify a local_dc to the constructor, or limit contact points to local cluster nodes
2025-07-01 16:35:31,852 [INFO] ⚡ Streaming started with feature extraction...
2025-07-01 16:35:31,878 [INFO] Callback Server Starting
2025-07-01 16:35:31,879 [INFO] Socket listening on ('127.0.0.1', 45181)
2025-07-01 16:35:33,308 [INFO] Python Server ready to receive messages
2025-07-01 16:35:33,309 [INFO] Received command c on object id p0
2025-07-01 16:36:02,133 [INFO] Received command c on object id p0
2025-07-01 16:36:11,935 [INFO] Received command c on object id p0
2025-07-01 16:36:20,717 [INFO] Received command c on object id p0
2025-07-01 16:36:21,227 [INFO] Error while receiving.
Traceback (most recent call last):
  File "/home/anhkhoa/.venv/lib/python3.10/site-packages/py4j/clientserver.py", line 511, in send_command
    answer = smart_decode(self.stream.readline()[:-1])
RuntimeError: reentrant call inside <_io.BufferedReader name=4>
2025-07-01 16:36:21,231 [INFO] Closing down clientserver connection
2025-07-01 16:36:21,231 [ERROR] Exception while sending command.
Traceback (most recent call last):
  File "/home/anhkhoa/.venv/lib/python3.10/site-packages/py4j/clientserver.py", line 511, in send_command
    answer = smart_decode(self.stream.readline()[:-1])
RuntimeError: reentrant call inside <_io.BufferedReader name=4>

During handling of the above exception, another exception occurred:

Traceback (most recent call last):
  File "/home/anhkhoa/.venv/lib/python3.10/site-packages/py4j/java_gateway.py", line 1038, in send_command
    response = connection.send_command(command)
  File "/home/anhkhoa/.venv/lib/python3.10/site-packages/py4j/clientserver.py", line 539, in send_command
    raise Py4JNetworkError(
py4j.protocol.Py4JNetworkError: Error while sending or receiving
2025-07-01 16:36:21,234 [INFO] Error while receiving.
Traceback (most recent call last):
  File "/home/anhkhoa/.venv/lib/python3.10/site-packages/py4j/clientserver.py", line 511, in send_command
    answer = smart_decode(self.stream.readline()[:-1])
  File "/usr/lib/python3.10/socket.py", line 705, in readinto
    return self._sock.recv_into(b)
  File "/home/anhkhoa/.venv/lib/python3.10/site-packages/pyspark/context.py", line 381, in signal_handler
    self.cancelAllJobs()
  File "/home/anhkhoa/.venv/lib/python3.10/site-packages/pyspark/context.py", line 2446, in cancelAllJobs
    self._jsc.sc().cancelAllJobs()
  File "/home/anhkhoa/.venv/lib/python3.10/site-packages/py4j/java_gateway.py", line 1322, in __call__
    return_value = get_return_value(
  File "/home/anhkhoa/.venv/lib/python3.10/site-packages/pyspark/errors/exceptions/captured.py", line 179, in deco
    return f(*a, **kw)
  File "/home/anhkhoa/.venv/lib/python3.10/site-packages/py4j/protocol.py", line 334, in get_return_value
    raise Py4JError(
py4j.protocol.Py4JError: An error occurred while calling o30.sc
2025-07-01 16:36:21,239 [INFO] Closing down clientserver connection
2025-07-01 16:36:21,239 [ERROR] Exception while sending command.
Traceback (most recent call last):
  File "/home/anhkhoa/.venv/lib/python3.10/site-packages/py4j/clientserver.py", line 511, in send_command
    answer = smart_decode(self.stream.readline()[:-1])
  File "/usr/lib/python3.10/socket.py", line 705, in readinto
    return self._sock.recv_into(b)
  File "/home/anhkhoa/.venv/lib/python3.10/site-packages/pyspark/context.py", line 381, in signal_handler
    self.cancelAllJobs()
  File "/home/anhkhoa/.venv/lib/python3.10/site-packages/pyspark/context.py", line 2446, in cancelAllJobs
    self._jsc.sc().cancelAllJobs()
  File "/home/anhkhoa/.venv/lib/python3.10/site-packages/py4j/java_gateway.py", line 1322, in __call__
    return_value = get_return_value(
  File "/home/anhkhoa/.venv/lib/python3.10/site-packages/pyspark/errors/exceptions/captured.py", line 179, in deco
    return f(*a, **kw)
  File "/home/anhkhoa/.venv/lib/python3.10/site-packages/py4j/protocol.py", line 334, in get_return_value
    raise Py4JError(
py4j.protocol.Py4JError: An error occurred while calling o30.sc

During handling of the above exception, another exception occurred:

Traceback (most recent call last):
  File "/home/anhkhoa/.venv/lib/python3.10/site-packages/py4j/java_gateway.py", line 1038, in send_command
    response = connection.send_command(command)
  File "/home/anhkhoa/.venv/lib/python3.10/site-packages/py4j/clientserver.py", line 539, in send_command
    raise Py4JNetworkError(
py4j.protocol.Py4JNetworkError: Error while sending or receiving
2025-07-01 16:36:21,240 [INFO] Closing down clientserver connection
2025-07-01 16:36:21,290 [INFO] Closing down clientserver connection
2025-07-01 16:56:02,956 [INFO] ✅ Spark connection created successfully.
2025-07-01 16:56:05,220 [INFO] Selection dataframe created from Kafka stream
2025-07-01 16:56:05,248 [ERROR] Could not create cassandra connection due to getaddrinfo() argument 1 must be string or None
2025-07-01 16:56:05,269 [INFO] Callback Server Starting
2025-07-01 16:56:05,271 [INFO] Socket listening on ('127.0.0.1', 42907)
2025-07-01 16:56:05,591 [INFO] ✅ Streaming started with foreachBatch.
2025-07-01 16:56:07,773 [INFO] Python Server ready to receive messages
2025-07-01 16:56:07,774 [INFO] Received command c on object id p0
2025-07-01 16:56:34,288 [INFO] Received command c on object id p0
2025-07-01 16:56:32,844 [INFO] Received command c on object id p0
2025-07-01 16:56:33,815 [INFO] Received command c on object id p0
2025-07-01 16:56:34,818 [INFO] Received command c on object id p0
2025-07-01 16:58:04,731 [INFO] Error while receiving.
Traceback (most recent call last):
  File "/home/anhkhoa/.venv/lib/python3.10/site-packages/py4j/clientserver.py", line 511, in send_command
    answer = smart_decode(self.stream.readline()[:-1])
RuntimeError: reentrant call inside <_io.BufferedReader name=4>
2025-07-01 16:58:04,738 [INFO] Closing down clientserver connection
2025-07-01 16:58:04,739 [ERROR] Exception while sending command.
Traceback (most recent call last):
  File "/home/anhkhoa/.venv/lib/python3.10/site-packages/py4j/clientserver.py", line 511, in send_command
    answer = smart_decode(self.stream.readline()[:-1])
RuntimeError: reentrant call inside <_io.BufferedReader name=4>

During handling of the above exception, another exception occurred:

Traceback (most recent call last):
  File "/home/anhkhoa/.venv/lib/python3.10/site-packages/py4j/java_gateway.py", line 1038, in send_command
    response = connection.send_command(command)
  File "/home/anhkhoa/.venv/lib/python3.10/site-packages/py4j/clientserver.py", line 539, in send_command
    raise Py4JNetworkError(
py4j.protocol.Py4JNetworkError: Error while sending or receiving
2025-07-01 16:58:04,742 [INFO] Error while receiving.
Traceback (most recent call last):
  File "/home/anhkhoa/.venv/lib/python3.10/site-packages/py4j/clientserver.py", line 511, in send_command
    answer = smart_decode(self.stream.readline()[:-1])
  File "/usr/lib/python3.10/socket.py", line 705, in readinto
    return self._sock.recv_into(b)
  File "/home/anhkhoa/.venv/lib/python3.10/site-packages/pyspark/context.py", line 381, in signal_handler
    self.cancelAllJobs()
  File "/home/anhkhoa/.venv/lib/python3.10/site-packages/pyspark/context.py", line 2446, in cancelAllJobs
    self._jsc.sc().cancelAllJobs()
  File "/home/anhkhoa/.venv/lib/python3.10/site-packages/py4j/java_gateway.py", line 1322, in __call__
    return_value = get_return_value(
  File "/home/anhkhoa/.venv/lib/python3.10/site-packages/pyspark/errors/exceptions/captured.py", line 179, in deco
    return f(*a, **kw)
  File "/home/anhkhoa/.venv/lib/python3.10/site-packages/py4j/protocol.py", line 334, in get_return_value
    raise Py4JError(
py4j.protocol.Py4JError: An error occurred while calling o30.sc
2025-07-01 16:58:04,747 [INFO] Closing down clientserver connection
2025-07-01 16:58:04,747 [ERROR] Exception while sending command.
Traceback (most recent call last):
  File "/home/anhkhoa/.venv/lib/python3.10/site-packages/py4j/clientserver.py", line 511, in send_command
    answer = smart_decode(self.stream.readline()[:-1])
  File "/usr/lib/python3.10/socket.py", line 705, in readinto
    return self._sock.recv_into(b)
  File "/home/anhkhoa/.venv/lib/python3.10/site-packages/pyspark/context.py", line 381, in signal_handler
    self.cancelAllJobs()
  File "/home/anhkhoa/.venv/lib/python3.10/site-packages/pyspark/context.py", line 2446, in cancelAllJobs
    self._jsc.sc().cancelAllJobs()
  File "/home/anhkhoa/.venv/lib/python3.10/site-packages/py4j/java_gateway.py", line 1322, in __call__
    return_value = get_return_value(
  File "/home/anhkhoa/.venv/lib/python3.10/site-packages/pyspark/errors/exceptions/captured.py", line 179, in deco
    return f(*a, **kw)
  File "/home/anhkhoa/.venv/lib/python3.10/site-packages/py4j/protocol.py", line 334, in get_return_value
    raise Py4JError(
py4j.protocol.Py4JError: An error occurred while calling o30.sc

During handling of the above exception, another exception occurred:

Traceback (most recent call last):
  File "/home/anhkhoa/.venv/lib/python3.10/site-packages/py4j/java_gateway.py", line 1038, in send_command
    response = connection.send_command(command)
  File "/home/anhkhoa/.venv/lib/python3.10/site-packages/py4j/clientserver.py", line 539, in send_command
    raise Py4JNetworkError(
py4j.protocol.Py4JNetworkError: Error while sending or receiving
2025-07-01 16:58:04,748 [INFO] Closing down clientserver connection
2025-07-01 16:58:04,937 [INFO] Closing down clientserver connection
2025-07-01 17:04:34,762 [INFO] ✅ Spark connection created successfully.
2025-07-01 17:04:36,889 [INFO] Selection dataframe created from Kafka stream
2025-07-01 17:04:36,911 [ERROR] Could not create cassandra connection due to getaddrinfo() argument 1 must be string or None
2025-07-01 17:04:36,927 [INFO] Callback Server Starting
2025-07-01 17:04:36,927 [INFO] Socket listening on ('127.0.0.1', 43151)
2025-07-01 17:04:37,214 [INFO] ✅ Streaming started with foreachBatch.
2025-07-01 17:04:39,118 [INFO] Python Server ready to receive messages
2025-07-01 17:04:39,119 [INFO] Received command c on object id p0
2025-07-01 17:04:41,255 [ERROR] There was an exception while executing the Python Proxy on the Python Side.
Traceback (most recent call last):
  File "/home/anhkhoa/.venv/lib/python3.10/site-packages/py4j/clientserver.py", line 617, in _call_proxy
    return_value = getattr(self.pool[obj_id], method)(*params)
  File "/home/anhkhoa/.venv/lib/python3.10/site-packages/pyspark/sql/utils.py", line 120, in call
    raise e
  File "/home/anhkhoa/.venv/lib/python3.10/site-packages/pyspark/sql/utils.py", line 117, in call
    self.func(DataFrame(jdf, wrapped_session_jdf), batch_id)
  File "/home/anhkhoa/spark_video_streaming/src/inference.py", line 56, in process_batch
    .withColumn("video_feat", extract_video_features_base64(col("video_encoded"))) \
  File "/home/anhkhoa/.venv/lib/python3.10/site-packages/pyspark/sql/dataframe.py", line 5176, in withColumn
    return DataFrame(self._jdf.withColumn(colName, col._jc), self.sparkSession)
  File "/home/anhkhoa/.venv/lib/python3.10/site-packages/py4j/java_gateway.py", line 1322, in __call__
    return_value = get_return_value(
  File "/home/anhkhoa/.venv/lib/python3.10/site-packages/pyspark/errors/exceptions/captured.py", line 185, in deco
    raise converted from None
pyspark.errors.exceptions.captured.AnalysisException: [UNRESOLVED_COLUMN.WITH_SUGGESTION] A column or function parameter with name `video_encoded` cannot be resolved. Did you mean one of the following? [`video_name`, `video_data`, `label`, `text_embedding`].;
'Project [label#25, video_name#26, video_data#28, text_embedding#29, extract_video_features_base64('video_encoded)#60 AS video_feat#61]
+- LogicalRDD [label#25, video_name#26, video_data#28, text_embedding#29], false

2025-07-01 17:04:41,655 [INFO] Closing down clientserver connection
2025-07-01 17:08:02,455 [INFO] ✅ Spark connection created successfully.
2025-07-01 17:08:04,383 [INFO] Closing down clientserver connection
2025-07-01 17:10:46,266 [INFO] ✅ Spark connection created successfully.
2025-07-01 17:10:48,076 [INFO] ✅ Selection dataframe created from Kafka stream
2025-07-01 17:10:48,079 [ERROR] Could not create cassandra connection due to getaddrinfo() argument 1 must be string or None
2025-07-01 17:10:48,098 [INFO] Callback Server Starting
2025-07-01 17:10:48,098 [INFO] Socket listening on ('127.0.0.1', 35597)
2025-07-01 17:10:48,382 [INFO] ✅ Streaming started with foreachBatch.
2025-07-01 17:10:50,425 [INFO] Python Server ready to receive messages
2025-07-01 17:10:50,425 [INFO] Received command c on object id p0
2025-07-01 17:11:10,292 [INFO] Received command c on object id p0
2025-07-01 17:11:11,486 [INFO] Received command c on object id p0
2025-07-01 17:11:13,031 [INFO] Received command c on object id p0
2025-07-01 17:11:14,392 [INFO] Received command c on object id p0
2025-07-01 17:13:03,641 [INFO] Error while receiving.
Traceback (most recent call last):
  File "/home/anhkhoa/.venv/lib/python3.10/site-packages/py4j/clientserver.py", line 511, in send_command
    answer = smart_decode(self.stream.readline()[:-1])
RuntimeError: reentrant call inside <_io.BufferedReader name=4>
2025-07-01 17:13:03,748 [INFO] Closing down clientserver connection
2025-07-01 17:13:03,907 [ERROR] Exception while sending command.
Traceback (most recent call last):
  File "/home/anhkhoa/.venv/lib/python3.10/site-packages/py4j/clientserver.py", line 511, in send_command
    answer = smart_decode(self.stream.readline()[:-1])
RuntimeError: reentrant call inside <_io.BufferedReader name=4>

During handling of the above exception, another exception occurred:

Traceback (most recent call last):
  File "/home/anhkhoa/.venv/lib/python3.10/site-packages/py4j/java_gateway.py", line 1038, in send_command
    response = connection.send_command(command)
  File "/home/anhkhoa/.venv/lib/python3.10/site-packages/py4j/clientserver.py", line 539, in send_command
    raise Py4JNetworkError(
py4j.protocol.Py4JNetworkError: Error while sending or receiving
2025-07-01 17:13:04,164 [INFO] Error while receiving.
Traceback (most recent call last):
  File "/home/anhkhoa/.venv/lib/python3.10/site-packages/py4j/clientserver.py", line 511, in send_command
    answer = smart_decode(self.stream.readline()[:-1])
  File "/usr/lib/python3.10/socket.py", line 705, in readinto
    return self._sock.recv_into(b)
  File "/home/anhkhoa/.venv/lib/python3.10/site-packages/pyspark/context.py", line 381, in signal_handler
    self.cancelAllJobs()
  File "/home/anhkhoa/.venv/lib/python3.10/site-packages/pyspark/context.py", line 2446, in cancelAllJobs
    self._jsc.sc().cancelAllJobs()
  File "/home/anhkhoa/.venv/lib/python3.10/site-packages/py4j/java_gateway.py", line 1322, in __call__
    return_value = get_return_value(
  File "/home/anhkhoa/.venv/lib/python3.10/site-packages/pyspark/errors/exceptions/captured.py", line 179, in deco
    return f(*a, **kw)
  File "/home/anhkhoa/.venv/lib/python3.10/site-packages/py4j/protocol.py", line 334, in get_return_value
    raise Py4JError(
py4j.protocol.Py4JError: An error occurred while calling o30.sc
2025-07-01 17:13:04,380 [INFO] Closing down clientserver connection
2025-07-01 17:13:04,534 [ERROR] Exception while sending command.
Traceback (most recent call last):
  File "/home/anhkhoa/.venv/lib/python3.10/site-packages/py4j/clientserver.py", line 511, in send_command
    answer = smart_decode(self.stream.readline()[:-1])
  File "/usr/lib/python3.10/socket.py", line 705, in readinto
    return self._sock.recv_into(b)
  File "/home/anhkhoa/.venv/lib/python3.10/site-packages/pyspark/context.py", line 381, in signal_handler
    self.cancelAllJobs()
  File "/home/anhkhoa/.venv/lib/python3.10/site-packages/pyspark/context.py", line 2446, in cancelAllJobs
    self._jsc.sc().cancelAllJobs()
  File "/home/anhkhoa/.venv/lib/python3.10/site-packages/py4j/java_gateway.py", line 1322, in __call__
    return_value = get_return_value(
  File "/home/anhkhoa/.venv/lib/python3.10/site-packages/pyspark/errors/exceptions/captured.py", line 179, in deco
    return f(*a, **kw)
  File "/home/anhkhoa/.venv/lib/python3.10/site-packages/py4j/protocol.py", line 334, in get_return_value
    raise Py4JError(
py4j.protocol.Py4JError: An error occurred while calling o30.sc

During handling of the above exception, another exception occurred:

Traceback (most recent call last):
  File "/home/anhkhoa/.venv/lib/python3.10/site-packages/py4j/java_gateway.py", line 1038, in send_command
    response = connection.send_command(command)
  File "/home/anhkhoa/.venv/lib/python3.10/site-packages/py4j/clientserver.py", line 539, in send_command
    raise Py4JNetworkError(
py4j.protocol.Py4JNetworkError: Error while sending or receiving
2025-07-01 17:13:02,174 [INFO] Closing down clientserver connection
2025-07-01 17:17:43,737 [INFO] ✅ Spark connection created successfully.
2025-07-01 17:17:45,651 [INFO] ✅ Selection dataframe created from Kafka stream
2025-07-01 17:17:45,655 [ERROR] Could not create cassandra connection due to getaddrinfo() argument 1 must be string or None
2025-07-01 17:17:45,674 [INFO] Callback Server Starting
2025-07-01 17:17:45,675 [INFO] Socket listening on ('127.0.0.1', 36187)
2025-07-01 17:17:45,961 [INFO] ✅ Streaming started with foreachBatch.
2025-07-01 17:17:47,918 [INFO] Python Server ready to receive messages
2025-07-01 17:17:47,919 [INFO] Received command c on object id p0
2025-07-01 17:18:07,021 [INFO] Received command c on object id p0
2025-07-01 17:18:08,163 [INFO] Received command c on object id p0
2025-07-01 17:18:09,866 [INFO] Received command c on object id p0
2025-07-01 17:18:11,566 [INFO] Received command c on object id p0
2025-07-01 17:18:11,694 [INFO] Error while receiving.
Traceback (most recent call last):
  File "/home/anhkhoa/.venv/lib/python3.10/site-packages/py4j/clientserver.py", line 511, in send_command
    answer = smart_decode(self.stream.readline()[:-1])
RuntimeError: reentrant call inside <_io.BufferedReader name=4>
2025-07-01 17:18:11,699 [INFO] Closing down clientserver connection
2025-07-01 17:18:11,699 [ERROR] Exception while sending command.
Traceback (most recent call last):
  File "/home/anhkhoa/.venv/lib/python3.10/site-packages/py4j/clientserver.py", line 511, in send_command
    answer = smart_decode(self.stream.readline()[:-1])
RuntimeError: reentrant call inside <_io.BufferedReader name=4>

During handling of the above exception, another exception occurred:

Traceback (most recent call last):
  File "/home/anhkhoa/.venv/lib/python3.10/site-packages/py4j/java_gateway.py", line 1038, in send_command
    response = connection.send_command(command)
  File "/home/anhkhoa/.venv/lib/python3.10/site-packages/py4j/clientserver.py", line 539, in send_command
    raise Py4JNetworkError(
py4j.protocol.Py4JNetworkError: Error while sending or receiving
2025-07-01 17:18:11,702 [INFO] Error while receiving.
Traceback (most recent call last):
  File "/home/anhkhoa/.venv/lib/python3.10/site-packages/py4j/clientserver.py", line 511, in send_command
    answer = smart_decode(self.stream.readline()[:-1])
  File "/usr/lib/python3.10/socket.py", line 705, in readinto
    return self._sock.recv_into(b)
  File "/home/anhkhoa/.venv/lib/python3.10/site-packages/pyspark/context.py", line 381, in signal_handler
    self.cancelAllJobs()
  File "/home/anhkhoa/.venv/lib/python3.10/site-packages/pyspark/context.py", line 2446, in cancelAllJobs
    self._jsc.sc().cancelAllJobs()
  File "/home/anhkhoa/.venv/lib/python3.10/site-packages/py4j/java_gateway.py", line 1322, in __call__
    return_value = get_return_value(
  File "/home/anhkhoa/.venv/lib/python3.10/site-packages/pyspark/errors/exceptions/captured.py", line 179, in deco
    return f(*a, **kw)
  File "/home/anhkhoa/.venv/lib/python3.10/site-packages/py4j/protocol.py", line 334, in get_return_value
    raise Py4JError(
py4j.protocol.Py4JError: An error occurred while calling o30.sc
2025-07-01 17:18:11,708 [INFO] Closing down clientserver connection
2025-07-01 17:18:11,708 [ERROR] Exception while sending command.
Traceback (most recent call last):
  File "/home/anhkhoa/.venv/lib/python3.10/site-packages/py4j/clientserver.py", line 511, in send_command
    answer = smart_decode(self.stream.readline()[:-1])
  File "/usr/lib/python3.10/socket.py", line 705, in readinto
    return self._sock.recv_into(b)
  File "/home/anhkhoa/.venv/lib/python3.10/site-packages/pyspark/context.py", line 381, in signal_handler
    self.cancelAllJobs()
  File "/home/anhkhoa/.venv/lib/python3.10/site-packages/pyspark/context.py", line 2446, in cancelAllJobs
    self._jsc.sc().cancelAllJobs()
  File "/home/anhkhoa/.venv/lib/python3.10/site-packages/py4j/java_gateway.py", line 1322, in __call__
    return_value = get_return_value(
  File "/home/anhkhoa/.venv/lib/python3.10/site-packages/pyspark/errors/exceptions/captured.py", line 179, in deco
    return f(*a, **kw)
  File "/home/anhkhoa/.venv/lib/python3.10/site-packages/py4j/protocol.py", line 334, in get_return_value
    raise Py4JError(
py4j.protocol.Py4JError: An error occurred while calling o30.sc

During handling of the above exception, another exception occurred:

Traceback (most recent call last):
  File "/home/anhkhoa/.venv/lib/python3.10/site-packages/py4j/java_gateway.py", line 1038, in send_command
    response = connection.send_command(command)
  File "/home/anhkhoa/.venv/lib/python3.10/site-packages/py4j/clientserver.py", line 539, in send_command
    raise Py4JNetworkError(
py4j.protocol.Py4JNetworkError: Error while sending or receiving
2025-07-01 17:18:11,709 [INFO] Closing down clientserver connection
2025-07-01 17:18:12,016 [INFO] Closing down clientserver connection
2025-07-01 17:22:57,718 [INFO] ✅ Spark connection created successfully.
2025-07-01 17:22:59,674 [INFO] ✅ Selection dataframe created from Kafka stream
2025-07-01 17:22:59,678 [ERROR] Could not create cassandra connection due to getaddrinfo() argument 1 must be string or None
2025-07-01 17:22:59,708 [INFO] Callback Server Starting
2025-07-01 17:22:59,711 [INFO] Socket listening on ('127.0.0.1', 38015)
2025-07-01 17:23:00,120 [INFO] ✅ Streaming started with foreachBatch.
2025-07-01 17:23:02,092 [INFO] Python Server ready to receive messages
2025-07-01 17:23:02,092 [INFO] Received command c on object id p0
2025-07-01 17:32:58,474 [INFO] ✅ Spark connection created successfully.
2025-07-01 17:33:00,978 [INFO] ✅ Selection dataframe created from Kafka stream
2025-07-01 17:33:00,991 [WARNING] Cluster.__init__ called with contact_points specified, but no load_balancing_policy. In the next major version, this will raise an error; please specify a load-balancing policy. (contact_points = ['localhost'], lbp = None)
2025-07-01 17:33:01,275 [INFO] Using datacenter 'datacenter1' for DCAwareRoundRobinPolicy (via host '127.0.0.1:9042'); if incorrect, please specify a local_dc to the constructor, or limit contact points to local cluster nodes
2025-07-01 17:33:01,505 [INFO] ⚡ Streaming started with feature extraction...
2025-07-01 17:33:01,533 [INFO] Callback Server Starting
2025-07-01 17:33:01,533 [INFO] Socket listening on ('127.0.0.1', 39059)
2025-07-01 17:33:03,444 [INFO] Python Server ready to receive messages
2025-07-01 17:33:03,444 [INFO] Received command c on object id p0
2025-07-01 17:33:08,823 [INFO] Received command c on object id p0
2025-07-01 17:33:09,928 [INFO] Received command c on object id p0
2025-07-01 17:33:11,222 [INFO] Received command c on object id p0
2025-07-01 17:33:11,308 [INFO] Error while receiving.
Traceback (most recent call last):
  File "/home/anhkhoa/.venv/lib/python3.10/site-packages/py4j/clientserver.py", line 511, in send_command
    answer = smart_decode(self.stream.readline()[:-1])
RuntimeError: reentrant call inside <_io.BufferedReader name=4>
2025-07-01 17:33:11,310 [INFO] Closing down clientserver connection
2025-07-01 17:33:11,310 [ERROR] Exception while sending command.
Traceback (most recent call last):
  File "/home/anhkhoa/.venv/lib/python3.10/site-packages/py4j/clientserver.py", line 511, in send_command
    answer = smart_decode(self.stream.readline()[:-1])
RuntimeError: reentrant call inside <_io.BufferedReader name=4>

During handling of the above exception, another exception occurred:

Traceback (most recent call last):
  File "/home/anhkhoa/.venv/lib/python3.10/site-packages/py4j/java_gateway.py", line 1038, in send_command
    response = connection.send_command(command)
  File "/home/anhkhoa/.venv/lib/python3.10/site-packages/py4j/clientserver.py", line 539, in send_command
    raise Py4JNetworkError(
py4j.protocol.Py4JNetworkError: Error while sending or receiving
2025-07-01 17:33:11,312 [INFO] Error while receiving.
Traceback (most recent call last):
  File "/home/anhkhoa/.venv/lib/python3.10/site-packages/py4j/clientserver.py", line 511, in send_command
    answer = smart_decode(self.stream.readline()[:-1])
  File "/usr/lib/python3.10/socket.py", line 705, in readinto
    return self._sock.recv_into(b)
  File "/home/anhkhoa/.venv/lib/python3.10/site-packages/pyspark/context.py", line 381, in signal_handler
    self.cancelAllJobs()
  File "/home/anhkhoa/.venv/lib/python3.10/site-packages/pyspark/context.py", line 2446, in cancelAllJobs
    self._jsc.sc().cancelAllJobs()
  File "/home/anhkhoa/.venv/lib/python3.10/site-packages/py4j/java_gateway.py", line 1322, in __call__
    return_value = get_return_value(
  File "/home/anhkhoa/.venv/lib/python3.10/site-packages/pyspark/errors/exceptions/captured.py", line 179, in deco
    return f(*a, **kw)
  File "/home/anhkhoa/.venv/lib/python3.10/site-packages/py4j/protocol.py", line 334, in get_return_value
    raise Py4JError(
py4j.protocol.Py4JError: An error occurred while calling o30.sc
2025-07-01 17:33:11,315 [INFO] Closing down clientserver connection
2025-07-01 17:33:11,315 [ERROR] Exception while sending command.
Traceback (most recent call last):
  File "/home/anhkhoa/.venv/lib/python3.10/site-packages/py4j/clientserver.py", line 511, in send_command
    answer = smart_decode(self.stream.readline()[:-1])
  File "/usr/lib/python3.10/socket.py", line 705, in readinto
    return self._sock.recv_into(b)
  File "/home/anhkhoa/.venv/lib/python3.10/site-packages/pyspark/context.py", line 381, in signal_handler
    self.cancelAllJobs()
  File "/home/anhkhoa/.venv/lib/python3.10/site-packages/pyspark/context.py", line 2446, in cancelAllJobs
    self._jsc.sc().cancelAllJobs()
  File "/home/anhkhoa/.venv/lib/python3.10/site-packages/py4j/java_gateway.py", line 1322, in __call__
    return_value = get_return_value(
  File "/home/anhkhoa/.venv/lib/python3.10/site-packages/pyspark/errors/exceptions/captured.py", line 179, in deco
    return f(*a, **kw)
  File "/home/anhkhoa/.venv/lib/python3.10/site-packages/py4j/protocol.py", line 334, in get_return_value
    raise Py4JError(
py4j.protocol.Py4JError: An error occurred while calling o30.sc

During handling of the above exception, another exception occurred:

Traceback (most recent call last):
  File "/home/anhkhoa/.venv/lib/python3.10/site-packages/py4j/java_gateway.py", line 1038, in send_command
    response = connection.send_command(command)
  File "/home/anhkhoa/.venv/lib/python3.10/site-packages/py4j/clientserver.py", line 539, in send_command
    raise Py4JNetworkError(
py4j.protocol.Py4JNetworkError: Error while sending or receiving
2025-07-01 17:33:11,316 [INFO] Closing down clientserver connection
2025-07-01 17:33:11,370 [INFO] Closing down clientserver connection
2025-07-01 17:36:20,045 [INFO] ✅ Spark connection created successfully.
2025-07-01 17:36:21,570 [INFO] ✅ Selection dataframe created from Kafka stream
2025-07-01 17:36:21,571 [WARNING] Cluster.__init__ called with contact_points specified, but no load_balancing_policy. In the next major version, this will raise an error; please specify a load-balancing policy. (contact_points = ['localhost'], lbp = None)
2025-07-01 17:36:21,757 [INFO] Using datacenter 'datacenter1' for DCAwareRoundRobinPolicy (via host '127.0.0.1:9042'); if incorrect, please specify a local_dc to the constructor, or limit contact points to local cluster nodes
2025-07-01 17:36:21,787 [INFO] ⚡ Streaming started with feature extraction...
2025-07-01 17:36:21,803 [INFO] Callback Server Starting
2025-07-01 17:36:21,804 [INFO] Socket listening on ('127.0.0.1', 36535)
2025-07-01 17:36:23,102 [INFO] Python Server ready to receive messages
2025-07-01 17:36:23,103 [INFO] Received command c on object id p0
2025-07-01 17:36:27,734 [INFO] Received command c on object id p0
2025-07-01 17:36:28,378 [INFO] Received command c on object id p0
2025-07-01 17:36:28,967 [INFO] Received command c on object id p0
2025-07-01 17:36:29,489 [INFO] Received command c on object id p0
2025-07-01 17:36:30,024 [INFO] Received command c on object id p0
2025-07-01 17:36:30,172 [INFO] Error while receiving.
Traceback (most recent call last):
  File "/home/anhkhoa/.venv/lib/python3.10/site-packages/py4j/clientserver.py", line 511, in send_command
    answer = smart_decode(self.stream.readline()[:-1])
RuntimeError: reentrant call inside <_io.BufferedReader name=4>
2025-07-01 17:36:30,173 [INFO] Closing down clientserver connection
2025-07-01 17:36:30,173 [ERROR] Exception while sending command.
Traceback (most recent call last):
  File "/home/anhkhoa/.venv/lib/python3.10/site-packages/py4j/clientserver.py", line 511, in send_command
    answer = smart_decode(self.stream.readline()[:-1])
RuntimeError: reentrant call inside <_io.BufferedReader name=4>

During handling of the above exception, another exception occurred:

Traceback (most recent call last):
  File "/home/anhkhoa/.venv/lib/python3.10/site-packages/py4j/java_gateway.py", line 1038, in send_command
    response = connection.send_command(command)
  File "/home/anhkhoa/.venv/lib/python3.10/site-packages/py4j/clientserver.py", line 539, in send_command
    raise Py4JNetworkError(
py4j.protocol.Py4JNetworkError: Error while sending or receiving
2025-07-01 17:36:30,174 [INFO] Error while receiving.
Traceback (most recent call last):
  File "/home/anhkhoa/.venv/lib/python3.10/site-packages/py4j/clientserver.py", line 511, in send_command
    answer = smart_decode(self.stream.readline()[:-1])
  File "/usr/lib/python3.10/socket.py", line 705, in readinto
    return self._sock.recv_into(b)
  File "/home/anhkhoa/.venv/lib/python3.10/site-packages/pyspark/context.py", line 381, in signal_handler
    self.cancelAllJobs()
  File "/home/anhkhoa/.venv/lib/python3.10/site-packages/pyspark/context.py", line 2446, in cancelAllJobs
    self._jsc.sc().cancelAllJobs()
  File "/home/anhkhoa/.venv/lib/python3.10/site-packages/py4j/java_gateway.py", line 1322, in __call__
    return_value = get_return_value(
  File "/home/anhkhoa/.venv/lib/python3.10/site-packages/pyspark/errors/exceptions/captured.py", line 179, in deco
    return f(*a, **kw)
  File "/home/anhkhoa/.venv/lib/python3.10/site-packages/py4j/protocol.py", line 334, in get_return_value
    raise Py4JError(
py4j.protocol.Py4JError: An error occurred while calling o30.sc
2025-07-01 17:36:30,175 [INFO] Closing down clientserver connection
2025-07-01 17:36:30,175 [ERROR] Exception while sending command.
Traceback (most recent call last):
  File "/home/anhkhoa/.venv/lib/python3.10/site-packages/py4j/clientserver.py", line 511, in send_command
    answer = smart_decode(self.stream.readline()[:-1])
  File "/usr/lib/python3.10/socket.py", line 705, in readinto
    return self._sock.recv_into(b)
  File "/home/anhkhoa/.venv/lib/python3.10/site-packages/pyspark/context.py", line 381, in signal_handler
    self.cancelAllJobs()
  File "/home/anhkhoa/.venv/lib/python3.10/site-packages/pyspark/context.py", line 2446, in cancelAllJobs
    self._jsc.sc().cancelAllJobs()
  File "/home/anhkhoa/.venv/lib/python3.10/site-packages/py4j/java_gateway.py", line 1322, in __call__
    return_value = get_return_value(
  File "/home/anhkhoa/.venv/lib/python3.10/site-packages/pyspark/errors/exceptions/captured.py", line 179, in deco
    return f(*a, **kw)
  File "/home/anhkhoa/.venv/lib/python3.10/site-packages/py4j/protocol.py", line 334, in get_return_value
    raise Py4JError(
py4j.protocol.Py4JError: An error occurred while calling o30.sc

During handling of the above exception, another exception occurred:

Traceback (most recent call last):
  File "/home/anhkhoa/.venv/lib/python3.10/site-packages/py4j/java_gateway.py", line 1038, in send_command
    response = connection.send_command(command)
  File "/home/anhkhoa/.venv/lib/python3.10/site-packages/py4j/clientserver.py", line 539, in send_command
    raise Py4JNetworkError(
py4j.protocol.Py4JNetworkError: Error while sending or receiving
2025-07-01 17:36:30,176 [INFO] Closing down clientserver connection
2025-07-01 17:36:30,191 [INFO] Closing down clientserver connection
2025-07-01 17:37:14,764 [INFO] ✅ Spark connection created successfully.
2025-07-01 17:37:16,405 [INFO] ✅ Selection dataframe created from Kafka stream
2025-07-01 17:37:16,406 [WARNING] Cluster.__init__ called with contact_points specified, but no load_balancing_policy. In the next major version, this will raise an error; please specify a load-balancing policy. (contact_points = ['localhost'], lbp = None)
2025-07-01 17:37:16,599 [INFO] Using datacenter 'datacenter1' for DCAwareRoundRobinPolicy (via host '127.0.0.1:9042'); if incorrect, please specify a local_dc to the constructor, or limit contact points to local cluster nodes
2025-07-01 17:37:16,635 [INFO] ⚡ Streaming started with feature extraction...
2025-07-01 17:37:16,650 [INFO] Callback Server Starting
2025-07-01 17:37:16,651 [INFO] Socket listening on ('127.0.0.1', 45215)
2025-07-01 17:37:17,979 [INFO] Python Server ready to receive messages
2025-07-01 17:37:17,979 [INFO] Received command c on object id p0
2025-07-01 17:37:22,785 [INFO] Received command c on object id p0
2025-07-01 17:37:23,367 [INFO] Received command c on object id p0
2025-07-01 17:37:23,936 [INFO] Received command c on object id p0
2025-07-01 17:37:24,202 [INFO] Error while receiving.
Traceback (most recent call last):
  File "/home/anhkhoa/.venv/lib/python3.10/site-packages/py4j/clientserver.py", line 511, in send_command
    answer = smart_decode(self.stream.readline()[:-1])
RuntimeError: reentrant call inside <_io.BufferedReader name=4>
2025-07-01 17:37:24,205 [INFO] Closing down clientserver connection
2025-07-01 17:37:24,205 [ERROR] Exception while sending command.
Traceback (most recent call last):
  File "/home/anhkhoa/.venv/lib/python3.10/site-packages/py4j/clientserver.py", line 511, in send_command
    answer = smart_decode(self.stream.readline()[:-1])
RuntimeError: reentrant call inside <_io.BufferedReader name=4>

During handling of the above exception, another exception occurred:

Traceback (most recent call last):
  File "/home/anhkhoa/.venv/lib/python3.10/site-packages/py4j/java_gateway.py", line 1038, in send_command
    response = connection.send_command(command)
  File "/home/anhkhoa/.venv/lib/python3.10/site-packages/py4j/clientserver.py", line 539, in send_command
    raise Py4JNetworkError(
py4j.protocol.Py4JNetworkError: Error while sending or receiving
2025-07-01 17:37:24,206 [INFO] Error while receiving.
Traceback (most recent call last):
  File "/home/anhkhoa/.venv/lib/python3.10/site-packages/py4j/clientserver.py", line 511, in send_command
    answer = smart_decode(self.stream.readline()[:-1])
  File "/usr/lib/python3.10/socket.py", line 705, in readinto
    return self._sock.recv_into(b)
  File "/home/anhkhoa/.venv/lib/python3.10/site-packages/pyspark/context.py", line 381, in signal_handler
    self.cancelAllJobs()
  File "/home/anhkhoa/.venv/lib/python3.10/site-packages/pyspark/context.py", line 2446, in cancelAllJobs
    self._jsc.sc().cancelAllJobs()
  File "/home/anhkhoa/.venv/lib/python3.10/site-packages/py4j/java_gateway.py", line 1322, in __call__
    return_value = get_return_value(
  File "/home/anhkhoa/.venv/lib/python3.10/site-packages/pyspark/errors/exceptions/captured.py", line 179, in deco
    return f(*a, **kw)
  File "/home/anhkhoa/.venv/lib/python3.10/site-packages/py4j/protocol.py", line 334, in get_return_value
    raise Py4JError(
py4j.protocol.Py4JError: An error occurred while calling o30.sc
2025-07-01 17:37:24,209 [INFO] Closing down clientserver connection
2025-07-01 17:37:24,209 [ERROR] Exception while sending command.
Traceback (most recent call last):
  File "/home/anhkhoa/.venv/lib/python3.10/site-packages/py4j/clientserver.py", line 511, in send_command
    answer = smart_decode(self.stream.readline()[:-1])
  File "/usr/lib/python3.10/socket.py", line 705, in readinto
    return self._sock.recv_into(b)
  File "/home/anhkhoa/.venv/lib/python3.10/site-packages/pyspark/context.py", line 381, in signal_handler
    self.cancelAllJobs()
  File "/home/anhkhoa/.venv/lib/python3.10/site-packages/pyspark/context.py", line 2446, in cancelAllJobs
    self._jsc.sc().cancelAllJobs()
  File "/home/anhkhoa/.venv/lib/python3.10/site-packages/py4j/java_gateway.py", line 1322, in __call__
    return_value = get_return_value(
  File "/home/anhkhoa/.venv/lib/python3.10/site-packages/pyspark/errors/exceptions/captured.py", line 179, in deco
    return f(*a, **kw)
  File "/home/anhkhoa/.venv/lib/python3.10/site-packages/py4j/protocol.py", line 334, in get_return_value
    raise Py4JError(
py4j.protocol.Py4JError: An error occurred while calling o30.sc

During handling of the above exception, another exception occurred:

Traceback (most recent call last):
  File "/home/anhkhoa/.venv/lib/python3.10/site-packages/py4j/java_gateway.py", line 1038, in send_command
    response = connection.send_command(command)
  File "/home/anhkhoa/.venv/lib/python3.10/site-packages/py4j/clientserver.py", line 539, in send_command
    raise Py4JNetworkError(
py4j.protocol.Py4JNetworkError: Error while sending or receiving
2025-07-01 17:37:24,209 [INFO] Closing down clientserver connection
2025-07-01 17:37:24,226 [INFO] Closing down clientserver connection
2025-07-01 17:39:00,177 [INFO] ✅ Spark connection created successfully.
2025-07-01 17:39:01,810 [INFO] ✅ Selection dataframe created from Kafka stream
2025-07-01 17:39:01,811 [WARNING] Cluster.__init__ called with contact_points specified, but no load_balancing_policy. In the next major version, this will raise an error; please specify a load-balancing policy. (contact_points = ['localhost'], lbp = None)
2025-07-01 17:39:02,036 [INFO] Using datacenter 'datacenter1' for DCAwareRoundRobinPolicy (via host '127.0.0.1:9042'); if incorrect, please specify a local_dc to the constructor, or limit contact points to local cluster nodes
2025-07-01 17:39:06,376 [INFO] ⚡ Streaming started with feature extraction...
2025-07-01 17:39:06,405 [INFO] Callback Server Starting
2025-07-01 17:39:06,420 [INFO] Socket listening on ('127.0.0.1', 38923)
2025-07-01 17:39:07,726 [INFO] Python Server ready to receive messages
2025-07-01 17:39:07,726 [INFO] Received command c on object id p0
2025-07-01 17:39:41,309 [INFO] Received command c on object id p0
2025-07-01 17:39:53,558 [INFO] Error while receiving.
Traceback (most recent call last):
  File "/home/anhkhoa/.venv/lib/python3.10/site-packages/py4j/clientserver.py", line 511, in send_command
    answer = smart_decode(self.stream.readline()[:-1])
RuntimeError: reentrant call inside <_io.BufferedReader name=4>
2025-07-01 17:39:53,562 [INFO] Closing down clientserver connection
2025-07-01 17:39:53,562 [ERROR] Exception while sending command.
Traceback (most recent call last):
  File "/home/anhkhoa/.venv/lib/python3.10/site-packages/py4j/clientserver.py", line 511, in send_command
    answer = smart_decode(self.stream.readline()[:-1])
RuntimeError: reentrant call inside <_io.BufferedReader name=4>

During handling of the above exception, another exception occurred:

Traceback (most recent call last):
  File "/home/anhkhoa/.venv/lib/python3.10/site-packages/py4j/java_gateway.py", line 1038, in send_command
    response = connection.send_command(command)
  File "/home/anhkhoa/.venv/lib/python3.10/site-packages/py4j/clientserver.py", line 539, in send_command
    raise Py4JNetworkError(
py4j.protocol.Py4JNetworkError: Error while sending or receiving
2025-07-01 17:39:53,564 [INFO] Error while receiving.
Traceback (most recent call last):
  File "/home/anhkhoa/.venv/lib/python3.10/site-packages/py4j/clientserver.py", line 511, in send_command
    answer = smart_decode(self.stream.readline()[:-1])
  File "/usr/lib/python3.10/socket.py", line 705, in readinto
    return self._sock.recv_into(b)
  File "/home/anhkhoa/.venv/lib/python3.10/site-packages/pyspark/context.py", line 381, in signal_handler
    self.cancelAllJobs()
  File "/home/anhkhoa/.venv/lib/python3.10/site-packages/pyspark/context.py", line 2446, in cancelAllJobs
    self._jsc.sc().cancelAllJobs()
  File "/home/anhkhoa/.venv/lib/python3.10/site-packages/py4j/java_gateway.py", line 1322, in __call__
    return_value = get_return_value(
  File "/home/anhkhoa/.venv/lib/python3.10/site-packages/pyspark/errors/exceptions/captured.py", line 179, in deco
    return f(*a, **kw)
  File "/home/anhkhoa/.venv/lib/python3.10/site-packages/py4j/protocol.py", line 334, in get_return_value
    raise Py4JError(
py4j.protocol.Py4JError: An error occurred while calling o30.sc
2025-07-01 17:39:53,567 [INFO] Closing down clientserver connection
2025-07-01 17:39:53,567 [ERROR] Exception while sending command.
Traceback (most recent call last):
  File "/home/anhkhoa/.venv/lib/python3.10/site-packages/py4j/clientserver.py", line 511, in send_command
    answer = smart_decode(self.stream.readline()[:-1])
  File "/usr/lib/python3.10/socket.py", line 705, in readinto
    return self._sock.recv_into(b)
  File "/home/anhkhoa/.venv/lib/python3.10/site-packages/pyspark/context.py", line 381, in signal_handler
    self.cancelAllJobs()
  File "/home/anhkhoa/.venv/lib/python3.10/site-packages/pyspark/context.py", line 2446, in cancelAllJobs
    self._jsc.sc().cancelAllJobs()
  File "/home/anhkhoa/.venv/lib/python3.10/site-packages/py4j/java_gateway.py", line 1322, in __call__
    return_value = get_return_value(
  File "/home/anhkhoa/.venv/lib/python3.10/site-packages/pyspark/errors/exceptions/captured.py", line 179, in deco
    return f(*a, **kw)
  File "/home/anhkhoa/.venv/lib/python3.10/site-packages/py4j/protocol.py", line 334, in get_return_value
    raise Py4JError(
py4j.protocol.Py4JError: An error occurred while calling o30.sc

During handling of the above exception, another exception occurred:

Traceback (most recent call last):
  File "/home/anhkhoa/.venv/lib/python3.10/site-packages/py4j/java_gateway.py", line 1038, in send_command
    response = connection.send_command(command)
  File "/home/anhkhoa/.venv/lib/python3.10/site-packages/py4j/clientserver.py", line 539, in send_command
    raise Py4JNetworkError(
py4j.protocol.Py4JNetworkError: Error while sending or receiving
2025-07-01 17:39:53,567 [INFO] Closing down clientserver connection
2025-07-01 17:39:53,601 [INFO] Closing down clientserver connection
2025-07-01 17:41:07,313 [INFO] ✅ Spark connection created successfully.
2025-07-01 17:41:09,246 [INFO] ✅ Selection dataframe created from Kafka stream
2025-07-01 17:41:09,247 [WARNING] Cluster.__init__ called with contact_points specified, but no load_balancing_policy. In the next major version, this will raise an error; please specify a load-balancing policy. (contact_points = ['localhost'], lbp = None)
2025-07-01 17:41:09,456 [INFO] Using datacenter 'datacenter1' for DCAwareRoundRobinPolicy (via host '127.0.0.1:9042'); if incorrect, please specify a local_dc to the constructor, or limit contact points to local cluster nodes
2025-07-01 17:41:11,367 [INFO] ⚡ Streaming started with feature extraction...
2025-07-01 17:41:11,385 [INFO] Callback Server Starting
2025-07-01 17:41:11,387 [INFO] Socket listening on ('127.0.0.1', 36971)
2025-07-01 17:41:12,859 [INFO] Python Server ready to receive messages
2025-07-01 17:41:12,860 [INFO] Received command c on object id p0
2025-07-01 17:41:38,586 [INFO] Received command c on object id p0
2025-07-01 17:41:50,517 [INFO] Received command c on object id p0
2025-07-01 17:42:02,160 [INFO] Received command c on object id p0
2025-07-01 17:42:09,918 [INFO] Received command c on object id p0
2025-07-01 17:42:14,336 [INFO] Error while receiving.
Traceback (most recent call last):
  File "/home/anhkhoa/.venv/lib/python3.10/site-packages/py4j/clientserver.py", line 511, in send_command
    answer = smart_decode(self.stream.readline()[:-1])
RuntimeError: reentrant call inside <_io.BufferedReader name=4>
2025-07-01 17:42:14,339 [INFO] Closing down clientserver connection
2025-07-01 17:42:14,339 [ERROR] Exception while sending command.
Traceback (most recent call last):
  File "/home/anhkhoa/.venv/lib/python3.10/site-packages/py4j/clientserver.py", line 511, in send_command
    answer = smart_decode(self.stream.readline()[:-1])
RuntimeError: reentrant call inside <_io.BufferedReader name=4>

During handling of the above exception, another exception occurred:

Traceback (most recent call last):
  File "/home/anhkhoa/.venv/lib/python3.10/site-packages/py4j/java_gateway.py", line 1038, in send_command
    response = connection.send_command(command)
  File "/home/anhkhoa/.venv/lib/python3.10/site-packages/py4j/clientserver.py", line 539, in send_command
    raise Py4JNetworkError(
py4j.protocol.Py4JNetworkError: Error while sending or receiving
2025-07-01 17:42:14,341 [INFO] Error while receiving.
Traceback (most recent call last):
  File "/home/anhkhoa/.venv/lib/python3.10/site-packages/py4j/clientserver.py", line 511, in send_command
    answer = smart_decode(self.stream.readline()[:-1])
  File "/usr/lib/python3.10/socket.py", line 705, in readinto
    return self._sock.recv_into(b)
  File "/home/anhkhoa/.venv/lib/python3.10/site-packages/pyspark/context.py", line 381, in signal_handler
    self.cancelAllJobs()
  File "/home/anhkhoa/.venv/lib/python3.10/site-packages/pyspark/context.py", line 2446, in cancelAllJobs
    self._jsc.sc().cancelAllJobs()
  File "/home/anhkhoa/.venv/lib/python3.10/site-packages/py4j/java_gateway.py", line 1322, in __call__
    return_value = get_return_value(
  File "/home/anhkhoa/.venv/lib/python3.10/site-packages/pyspark/errors/exceptions/captured.py", line 179, in deco
    return f(*a, **kw)
  File "/home/anhkhoa/.venv/lib/python3.10/site-packages/py4j/protocol.py", line 334, in get_return_value
    raise Py4JError(
py4j.protocol.Py4JError: An error occurred while calling o30.sc
2025-07-01 17:42:14,344 [INFO] Closing down clientserver connection
2025-07-01 17:42:14,344 [ERROR] Exception while sending command.
Traceback (most recent call last):
  File "/home/anhkhoa/.venv/lib/python3.10/site-packages/py4j/clientserver.py", line 511, in send_command
    answer = smart_decode(self.stream.readline()[:-1])
  File "/usr/lib/python3.10/socket.py", line 705, in readinto
    return self._sock.recv_into(b)
  File "/home/anhkhoa/.venv/lib/python3.10/site-packages/pyspark/context.py", line 381, in signal_handler
    self.cancelAllJobs()
  File "/home/anhkhoa/.venv/lib/python3.10/site-packages/pyspark/context.py", line 2446, in cancelAllJobs
    self._jsc.sc().cancelAllJobs()
  File "/home/anhkhoa/.venv/lib/python3.10/site-packages/py4j/java_gateway.py", line 1322, in __call__
    return_value = get_return_value(
  File "/home/anhkhoa/.venv/lib/python3.10/site-packages/pyspark/errors/exceptions/captured.py", line 179, in deco
    return f(*a, **kw)
  File "/home/anhkhoa/.venv/lib/python3.10/site-packages/py4j/protocol.py", line 334, in get_return_value
    raise Py4JError(
py4j.protocol.Py4JError: An error occurred while calling o30.sc

During handling of the above exception, another exception occurred:

Traceback (most recent call last):
  File "/home/anhkhoa/.venv/lib/python3.10/site-packages/py4j/java_gateway.py", line 1038, in send_command
    response = connection.send_command(command)
  File "/home/anhkhoa/.venv/lib/python3.10/site-packages/py4j/clientserver.py", line 539, in send_command
    raise Py4JNetworkError(
py4j.protocol.Py4JNetworkError: Error while sending or receiving
2025-07-01 17:42:14,344 [INFO] Closing down clientserver connection
2025-07-01 17:42:14,374 [INFO] Closing down clientserver connection
2025-07-01 17:46:04,164 [INFO] ✅ Spark connection created successfully.
2025-07-01 17:46:06,195 [INFO] ✅ Selection dataframe created from Kafka stream
2025-07-01 17:46:06,197 [ERROR] Could not create cassandra connection due to getaddrinfo() argument 1 must be string or None
2025-07-01 17:46:06,217 [INFO] Callback Server Starting
2025-07-01 17:46:06,218 [INFO] Socket listening on ('127.0.0.1', 38163)
2025-07-01 17:46:06,508 [INFO] ✅ Streaming started with foreachBatch.
2025-07-01 17:46:05,822 [INFO] Python Server ready to receive messages
2025-07-01 17:46:05,822 [INFO] Received command c on object id p0
2025-07-01 17:46:33,835 [INFO] Received command c on object id p0
2025-07-01 17:46:41,210 [INFO] Received command c on object id p0
2025-07-01 17:46:50,547 [INFO] Received command c on object id p0
2025-07-01 17:47:04,730 [INFO] Received command c on object id p0
2025-07-01 17:47:31,375 [INFO] Received command c on object id p0
2025-07-01 17:47:43,491 [INFO] Error while receiving.
Traceback (most recent call last):
  File "/home/anhkhoa/.venv/lib/python3.10/site-packages/py4j/clientserver.py", line 511, in send_command
    answer = smart_decode(self.stream.readline()[:-1])
RuntimeError: reentrant call inside <_io.BufferedReader name=4>
2025-07-01 17:47:43,634 [INFO] Closing down clientserver connection
2025-07-01 17:47:43,661 [ERROR] Exception while sending command.
Traceback (most recent call last):
  File "/home/anhkhoa/.venv/lib/python3.10/site-packages/py4j/clientserver.py", line 511, in send_command
    answer = smart_decode(self.stream.readline()[:-1])
RuntimeError: reentrant call inside <_io.BufferedReader name=4>

During handling of the above exception, another exception occurred:

Traceback (most recent call last):
  File "/home/anhkhoa/.venv/lib/python3.10/site-packages/py4j/java_gateway.py", line 1038, in send_command
    response = connection.send_command(command)
  File "/home/anhkhoa/.venv/lib/python3.10/site-packages/py4j/clientserver.py", line 539, in send_command
    raise Py4JNetworkError(
py4j.protocol.Py4JNetworkError: Error while sending or receiving
2025-07-01 17:47:45,170 [INFO] Error while receiving.
Traceback (most recent call last):
  File "/home/anhkhoa/.venv/lib/python3.10/site-packages/py4j/clientserver.py", line 511, in send_command
    answer = smart_decode(self.stream.readline()[:-1])
  File "/usr/lib/python3.10/socket.py", line 705, in readinto
    return self._sock.recv_into(b)
  File "/home/anhkhoa/.venv/lib/python3.10/site-packages/pyspark/context.py", line 381, in signal_handler
    self.cancelAllJobs()
  File "/home/anhkhoa/.venv/lib/python3.10/site-packages/pyspark/context.py", line 2446, in cancelAllJobs
    self._jsc.sc().cancelAllJobs()
  File "/home/anhkhoa/.venv/lib/python3.10/site-packages/py4j/java_gateway.py", line 1322, in __call__
    return_value = get_return_value(
  File "/home/anhkhoa/.venv/lib/python3.10/site-packages/pyspark/errors/exceptions/captured.py", line 179, in deco
    return f(*a, **kw)
  File "/home/anhkhoa/.venv/lib/python3.10/site-packages/py4j/protocol.py", line 334, in get_return_value
    raise Py4JError(
py4j.protocol.Py4JError: An error occurred while calling o30.sc
2025-07-01 17:47:46,808 [INFO] Closing down clientserver connection
2025-07-01 17:47:47,200 [ERROR] Exception while sending command.
Traceback (most recent call last):
  File "/home/anhkhoa/.venv/lib/python3.10/site-packages/py4j/clientserver.py", line 511, in send_command
    answer = smart_decode(self.stream.readline()[:-1])
  File "/usr/lib/python3.10/socket.py", line 705, in readinto
    return self._sock.recv_into(b)
  File "/home/anhkhoa/.venv/lib/python3.10/site-packages/pyspark/context.py", line 381, in signal_handler
    self.cancelAllJobs()
  File "/home/anhkhoa/.venv/lib/python3.10/site-packages/pyspark/context.py", line 2446, in cancelAllJobs
    self._jsc.sc().cancelAllJobs()
  File "/home/anhkhoa/.venv/lib/python3.10/site-packages/py4j/java_gateway.py", line 1322, in __call__
    return_value = get_return_value(
  File "/home/anhkhoa/.venv/lib/python3.10/site-packages/pyspark/errors/exceptions/captured.py", line 179, in deco
    return f(*a, **kw)
  File "/home/anhkhoa/.venv/lib/python3.10/site-packages/py4j/protocol.py", line 334, in get_return_value
    raise Py4JError(
py4j.protocol.Py4JError: An error occurred while calling o30.sc

During handling of the above exception, another exception occurred:

Traceback (most recent call last):
  File "/home/anhkhoa/.venv/lib/python3.10/site-packages/py4j/java_gateway.py", line 1038, in send_command
    response = connection.send_command(command)
  File "/home/anhkhoa/.venv/lib/python3.10/site-packages/py4j/clientserver.py", line 539, in send_command
    raise Py4JNetworkError(
py4j.protocol.Py4JNetworkError: Error while sending or receiving
2025-07-01 17:47:49,124 [INFO] Closing down clientserver connection
2025-07-01 17:48:28,643 [INFO] Closing down clientserver connection
2025-07-01 17:53:42,943 [INFO] ✅ Spark connection created successfully.
2025-07-01 17:53:42,453 [INFO] ✅ Selection dataframe created from Kafka stream
2025-07-01 17:53:42,458 [ERROR] Could not create cassandra connection due to getaddrinfo() argument 1 must be string or None
2025-07-01 17:53:42,480 [INFO] Callback Server Starting
2025-07-01 17:53:42,481 [INFO] Socket listening on ('127.0.0.1', 37177)
2025-07-01 17:53:42,739 [INFO] ✅ Streaming started with foreachBatch.
2025-07-01 17:56:41,864 [INFO] Closing down clientserver connection
2025-07-01 17:57:31,189 [INFO] ✅ Spark connection created successfully.
2025-07-01 17:57:33,167 [INFO] ✅ Selection dataframe created from Kafka stream
2025-07-01 17:57:33,173 [ERROR] Could not create cassandra connection due to getaddrinfo() argument 1 must be string or None
2025-07-01 17:57:33,195 [INFO] Callback Server Starting
2025-07-01 17:57:33,195 [INFO] Socket listening on ('127.0.0.1', 35625)
2025-07-01 17:57:33,510 [INFO] ✅ Streaming started with foreachBatch.
2025-07-01 17:57:35,726 [INFO] Python Server ready to receive messages
2025-07-01 17:57:35,727 [INFO] Received command c on object id p0
2025-07-01 17:59:56,557 [INFO] ✅ Spark connection created successfully.
2025-07-01 17:59:58,568 [INFO] ✅ Selection dataframe created from Kafka stream
2025-07-01 17:59:58,572 [ERROR] Could not create cassandra connection due to getaddrinfo() argument 1 must be string or None
2025-07-01 17:59:58,591 [INFO] Callback Server Starting
2025-07-01 17:59:58,591 [INFO] Socket listening on ('127.0.0.1', 37829)
2025-07-01 17:59:58,859 [INFO] ✅ Streaming started with foreachBatch.
2025-07-01 18:02:33,877 [INFO] Closing down clientserver connection
2025-07-01 18:03:02,347 [INFO] ✅ Spark connection created successfully.
2025-07-01 18:03:04,370 [INFO] ✅ Selection dataframe created from Kafka stream
2025-07-01 18:03:04,373 [ERROR] Could not create cassandra connection due to getaddrinfo() argument 1 must be string or None
2025-07-01 18:03:04,403 [INFO] Callback Server Starting
2025-07-01 18:03:04,405 [INFO] Socket listening on ('127.0.0.1', 41047)
2025-07-01 18:03:04,710 [INFO] ✅ Streaming started with foreachBatch.
2025-07-01 18:03:06,630 [INFO] Python Server ready to receive messages
2025-07-01 18:03:06,630 [INFO] Received command c on object id p0
2025-07-01 18:03:35,624 [INFO] Received command c on object id p0
2025-07-01 18:03:44,663 [INFO] Received command c on object id p0
2025-07-01 18:03:55,038 [INFO] Received command c on object id p0
2025-07-01 18:04:10,574 [INFO] Received command c on object id p0
2025-07-01 18:04:15,464 [INFO] Error while receiving.
Traceback (most recent call last):
  File "/home/anhkhoa/.venv/lib/python3.10/site-packages/py4j/clientserver.py", line 511, in send_command
    answer = smart_decode(self.stream.readline()[:-1])
RuntimeError: reentrant call inside <_io.BufferedReader name=4>
2025-07-01 18:04:15,468 [INFO] Closing down clientserver connection
2025-07-01 18:04:15,468 [ERROR] Exception while sending command.
Traceback (most recent call last):
  File "/home/anhkhoa/.venv/lib/python3.10/site-packages/py4j/clientserver.py", line 511, in send_command
    answer = smart_decode(self.stream.readline()[:-1])
RuntimeError: reentrant call inside <_io.BufferedReader name=4>

During handling of the above exception, another exception occurred:

Traceback (most recent call last):
  File "/home/anhkhoa/.venv/lib/python3.10/site-packages/py4j/java_gateway.py", line 1038, in send_command
    response = connection.send_command(command)
  File "/home/anhkhoa/.venv/lib/python3.10/site-packages/py4j/clientserver.py", line 539, in send_command
    raise Py4JNetworkError(
py4j.protocol.Py4JNetworkError: Error while sending or receiving
2025-07-01 18:04:15,470 [INFO] Error while receiving.
Traceback (most recent call last):
  File "/home/anhkhoa/.venv/lib/python3.10/site-packages/py4j/clientserver.py", line 511, in send_command
    answer = smart_decode(self.stream.readline()[:-1])
  File "/usr/lib/python3.10/socket.py", line 705, in readinto
    return self._sock.recv_into(b)
  File "/home/anhkhoa/.venv/lib/python3.10/site-packages/pyspark/context.py", line 381, in signal_handler
    self.cancelAllJobs()
  File "/home/anhkhoa/.venv/lib/python3.10/site-packages/pyspark/context.py", line 2446, in cancelAllJobs
    self._jsc.sc().cancelAllJobs()
  File "/home/anhkhoa/.venv/lib/python3.10/site-packages/py4j/java_gateway.py", line 1322, in __call__
    return_value = get_return_value(
  File "/home/anhkhoa/.venv/lib/python3.10/site-packages/pyspark/errors/exceptions/captured.py", line 179, in deco
    return f(*a, **kw)
  File "/home/anhkhoa/.venv/lib/python3.10/site-packages/py4j/protocol.py", line 334, in get_return_value
    raise Py4JError(
py4j.protocol.Py4JError: An error occurred while calling o30.sc
2025-07-01 18:04:15,474 [INFO] Closing down clientserver connection
2025-07-01 18:04:15,474 [ERROR] Exception while sending command.
Traceback (most recent call last):
  File "/home/anhkhoa/.venv/lib/python3.10/site-packages/py4j/clientserver.py", line 511, in send_command
    answer = smart_decode(self.stream.readline()[:-1])
  File "/usr/lib/python3.10/socket.py", line 705, in readinto
    return self._sock.recv_into(b)
  File "/home/anhkhoa/.venv/lib/python3.10/site-packages/pyspark/context.py", line 381, in signal_handler
    self.cancelAllJobs()
  File "/home/anhkhoa/.venv/lib/python3.10/site-packages/pyspark/context.py", line 2446, in cancelAllJobs
    self._jsc.sc().cancelAllJobs()
  File "/home/anhkhoa/.venv/lib/python3.10/site-packages/py4j/java_gateway.py", line 1322, in __call__
    return_value = get_return_value(
  File "/home/anhkhoa/.venv/lib/python3.10/site-packages/pyspark/errors/exceptions/captured.py", line 179, in deco
    return f(*a, **kw)
  File "/home/anhkhoa/.venv/lib/python3.10/site-packages/py4j/protocol.py", line 334, in get_return_value
    raise Py4JError(
py4j.protocol.Py4JError: An error occurred while calling o30.sc

During handling of the above exception, another exception occurred:

Traceback (most recent call last):
  File "/home/anhkhoa/.venv/lib/python3.10/site-packages/py4j/java_gateway.py", line 1038, in send_command
    response = connection.send_command(command)
  File "/home/anhkhoa/.venv/lib/python3.10/site-packages/py4j/clientserver.py", line 539, in send_command
    raise Py4JNetworkError(
py4j.protocol.Py4JNetworkError: Error while sending or receiving
2025-07-01 18:04:15,475 [INFO] Closing down clientserver connection
2025-07-01 18:04:15,652 [INFO] Closing down clientserver connection
2025-07-01 18:19:55,910 [INFO] ✅ Spark connection created successfully.
2025-07-01 18:19:58,182 [INFO] ✅ Selection dataframe created from Kafka stream
2025-07-01 18:19:58,200 [WARNING] Cluster.__init__ called with contact_points specified, but no load_balancing_policy. In the next major version, this will raise an error; please specify a load-balancing policy. (contact_points = ['localhost'], lbp = None)
2025-07-01 18:19:58,446 [INFO] Using datacenter 'datacenter1' for DCAwareRoundRobinPolicy (via host '127.0.0.1:9042'); if incorrect, please specify a local_dc to the constructor, or limit contact points to local cluster nodes
2025-07-01 18:19:59,365 [INFO] ⚡ Streaming started with feature extraction...
2025-07-01 18:19:59,392 [INFO] Callback Server Starting
2025-07-01 18:19:59,394 [INFO] Socket listening on ('127.0.0.1', 41105)
2025-07-01 18:20:02,049 [INFO] Python Server ready to receive messages
2025-07-01 18:20:02,050 [INFO] Received command c on object id p0
2025-07-01 18:20:37,394 [INFO] Received command c on object id p0
2025-07-01 18:20:49,358 [INFO] Received command c on object id p0
2025-07-01 18:20:59,898 [INFO] Received command c on object id p0
2025-07-01 18:21:03,783 [INFO] Error while receiving.
Traceback (most recent call last):
  File "/home/anhkhoa/.venv/lib/python3.10/site-packages/py4j/clientserver.py", line 511, in send_command
    answer = smart_decode(self.stream.readline()[:-1])
RuntimeError: reentrant call inside <_io.BufferedReader name=4>
2025-07-01 18:21:03,786 [INFO] Closing down clientserver connection
2025-07-01 18:21:03,787 [ERROR] Exception while sending command.
Traceback (most recent call last):
  File "/home/anhkhoa/.venv/lib/python3.10/site-packages/py4j/clientserver.py", line 511, in send_command
    answer = smart_decode(self.stream.readline()[:-1])
RuntimeError: reentrant call inside <_io.BufferedReader name=4>

During handling of the above exception, another exception occurred:

Traceback (most recent call last):
  File "/home/anhkhoa/.venv/lib/python3.10/site-packages/py4j/java_gateway.py", line 1038, in send_command
    response = connection.send_command(command)
  File "/home/anhkhoa/.venv/lib/python3.10/site-packages/py4j/clientserver.py", line 539, in send_command
    raise Py4JNetworkError(
py4j.protocol.Py4JNetworkError: Error while sending or receiving
2025-07-01 18:21:03,789 [INFO] Error while receiving.
Traceback (most recent call last):
  File "/home/anhkhoa/.venv/lib/python3.10/site-packages/py4j/clientserver.py", line 511, in send_command
    answer = smart_decode(self.stream.readline()[:-1])
  File "/usr/lib/python3.10/socket.py", line 705, in readinto
    return self._sock.recv_into(b)
  File "/home/anhkhoa/.venv/lib/python3.10/site-packages/pyspark/context.py", line 381, in signal_handler
    self.cancelAllJobs()
  File "/home/anhkhoa/.venv/lib/python3.10/site-packages/pyspark/context.py", line 2446, in cancelAllJobs
    self._jsc.sc().cancelAllJobs()
  File "/home/anhkhoa/.venv/lib/python3.10/site-packages/py4j/java_gateway.py", line 1322, in __call__
    return_value = get_return_value(
  File "/home/anhkhoa/.venv/lib/python3.10/site-packages/pyspark/errors/exceptions/captured.py", line 179, in deco
    return f(*a, **kw)
  File "/home/anhkhoa/.venv/lib/python3.10/site-packages/py4j/protocol.py", line 334, in get_return_value
    raise Py4JError(
py4j.protocol.Py4JError: An error occurred while calling o30.sc
2025-07-01 18:21:03,793 [INFO] Closing down clientserver connection
2025-07-01 18:21:03,794 [ERROR] Exception while sending command.
Traceback (most recent call last):
  File "/home/anhkhoa/.venv/lib/python3.10/site-packages/py4j/clientserver.py", line 511, in send_command
    answer = smart_decode(self.stream.readline()[:-1])
  File "/usr/lib/python3.10/socket.py", line 705, in readinto
    return self._sock.recv_into(b)
  File "/home/anhkhoa/.venv/lib/python3.10/site-packages/pyspark/context.py", line 381, in signal_handler
    self.cancelAllJobs()
  File "/home/anhkhoa/.venv/lib/python3.10/site-packages/pyspark/context.py", line 2446, in cancelAllJobs
    self._jsc.sc().cancelAllJobs()
  File "/home/anhkhoa/.venv/lib/python3.10/site-packages/py4j/java_gateway.py", line 1322, in __call__
    return_value = get_return_value(
  File "/home/anhkhoa/.venv/lib/python3.10/site-packages/pyspark/errors/exceptions/captured.py", line 179, in deco
    return f(*a, **kw)
  File "/home/anhkhoa/.venv/lib/python3.10/site-packages/py4j/protocol.py", line 334, in get_return_value
    raise Py4JError(
py4j.protocol.Py4JError: An error occurred while calling o30.sc

During handling of the above exception, another exception occurred:

Traceback (most recent call last):
  File "/home/anhkhoa/.venv/lib/python3.10/site-packages/py4j/java_gateway.py", line 1038, in send_command
    response = connection.send_command(command)
  File "/home/anhkhoa/.venv/lib/python3.10/site-packages/py4j/clientserver.py", line 539, in send_command
    raise Py4JNetworkError(
py4j.protocol.Py4JNetworkError: Error while sending or receiving
2025-07-01 18:21:03,794 [INFO] Closing down clientserver connection
2025-07-01 18:21:03,824 [INFO] Closing down clientserver connection
2025-07-01 18:24:11,178 [INFO] ✅ Spark connection created successfully.
2025-07-01 18:24:12,894 [INFO] ✅ Selection dataframe created from Kafka stream
2025-07-01 18:24:12,897 [ERROR] Could not create cassandra connection due to getaddrinfo() argument 1 must be string or None
2025-07-01 18:24:12,927 [INFO] Callback Server Starting
2025-07-01 18:24:12,928 [INFO] Socket listening on ('127.0.0.1', 35811)
2025-07-01 18:24:13,218 [INFO] ✅ Streaming started with foreachBatch.
2025-07-01 18:24:15,079 [INFO] Python Server ready to receive messages
2025-07-01 18:24:15,080 [INFO] Received command c on object id p0
2025-07-01 18:24:40,766 [INFO] Received command c on object id p0
2025-07-01 18:24:50,452 [INFO] Received command c on object id p0
2025-07-01 18:24:59,912 [INFO] Received command c on object id p0
2025-07-01 18:25:04,004 [INFO] Error while receiving.
Traceback (most recent call last):
  File "/home/anhkhoa/.venv/lib/python3.10/site-packages/py4j/clientserver.py", line 511, in send_command
    answer = smart_decode(self.stream.readline()[:-1])
RuntimeError: reentrant call inside <_io.BufferedReader name=4>
2025-07-01 18:25:04,007 [INFO] Closing down clientserver connection
2025-07-01 18:25:04,007 [ERROR] Exception while sending command.
Traceback (most recent call last):
  File "/home/anhkhoa/.venv/lib/python3.10/site-packages/py4j/clientserver.py", line 511, in send_command
    answer = smart_decode(self.stream.readline()[:-1])
RuntimeError: reentrant call inside <_io.BufferedReader name=4>

During handling of the above exception, another exception occurred:

Traceback (most recent call last):
  File "/home/anhkhoa/.venv/lib/python3.10/site-packages/py4j/java_gateway.py", line 1038, in send_command
    response = connection.send_command(command)
  File "/home/anhkhoa/.venv/lib/python3.10/site-packages/py4j/clientserver.py", line 539, in send_command
    raise Py4JNetworkError(
py4j.protocol.Py4JNetworkError: Error while sending or receiving
2025-07-01 18:25:04,013 [INFO] Error while receiving.
Traceback (most recent call last):
  File "/home/anhkhoa/.venv/lib/python3.10/site-packages/py4j/clientserver.py", line 511, in send_command
    answer = smart_decode(self.stream.readline()[:-1])
  File "/usr/lib/python3.10/socket.py", line 705, in readinto
    return self._sock.recv_into(b)
  File "/home/anhkhoa/.venv/lib/python3.10/site-packages/pyspark/context.py", line 381, in signal_handler
    self.cancelAllJobs()
  File "/home/anhkhoa/.venv/lib/python3.10/site-packages/pyspark/context.py", line 2446, in cancelAllJobs
    self._jsc.sc().cancelAllJobs()
  File "/home/anhkhoa/.venv/lib/python3.10/site-packages/py4j/java_gateway.py", line 1322, in __call__
    return_value = get_return_value(
  File "/home/anhkhoa/.venv/lib/python3.10/site-packages/pyspark/errors/exceptions/captured.py", line 179, in deco
    return f(*a, **kw)
  File "/home/anhkhoa/.venv/lib/python3.10/site-packages/py4j/protocol.py", line 334, in get_return_value
    raise Py4JError(
py4j.protocol.Py4JError: An error occurred while calling o30.sc
2025-07-01 18:25:04,019 [INFO] Closing down clientserver connection
2025-07-01 18:25:04,020 [ERROR] Exception while sending command.
Traceback (most recent call last):
  File "/home/anhkhoa/.venv/lib/python3.10/site-packages/py4j/clientserver.py", line 511, in send_command
    answer = smart_decode(self.stream.readline()[:-1])
  File "/usr/lib/python3.10/socket.py", line 705, in readinto
    return self._sock.recv_into(b)
  File "/home/anhkhoa/.venv/lib/python3.10/site-packages/pyspark/context.py", line 381, in signal_handler
    self.cancelAllJobs()
  File "/home/anhkhoa/.venv/lib/python3.10/site-packages/pyspark/context.py", line 2446, in cancelAllJobs
    self._jsc.sc().cancelAllJobs()
  File "/home/anhkhoa/.venv/lib/python3.10/site-packages/py4j/java_gateway.py", line 1322, in __call__
    return_value = get_return_value(
  File "/home/anhkhoa/.venv/lib/python3.10/site-packages/pyspark/errors/exceptions/captured.py", line 179, in deco
    return f(*a, **kw)
  File "/home/anhkhoa/.venv/lib/python3.10/site-packages/py4j/protocol.py", line 334, in get_return_value
    raise Py4JError(
py4j.protocol.Py4JError: An error occurred while calling o30.sc

During handling of the above exception, another exception occurred:

Traceback (most recent call last):
  File "/home/anhkhoa/.venv/lib/python3.10/site-packages/py4j/java_gateway.py", line 1038, in send_command
    response = connection.send_command(command)
  File "/home/anhkhoa/.venv/lib/python3.10/site-packages/py4j/clientserver.py", line 539, in send_command
    raise Py4JNetworkError(
py4j.protocol.Py4JNetworkError: Error while sending or receiving
2025-07-01 18:25:04,020 [INFO] Closing down clientserver connection
2025-07-01 18:25:04,264 [INFO] Closing down clientserver connection
2025-07-11 15:37:48,592 [INFO] ✅ Spark connection created successfully.
2025-07-11 15:37:50,711 [INFO] ✅ Selection dataframe created from Kafka stream
2025-07-11 15:37:50,724 [WARNING] Cluster.__init__ called with contact_points specified, but no load_balancing_policy. In the next major version, this will raise an error; please specify a load-balancing policy. (contact_points = ['localhost'], lbp = None)
2025-07-11 15:37:51,017 [INFO] Using datacenter 'datacenter1' for DCAwareRoundRobinPolicy (via host '127.0.0.1:9042'); if incorrect, please specify a local_dc to the constructor, or limit contact points to local cluster nodes
2025-07-11 15:37:52,189 [INFO] Callback Server Starting
2025-07-11 15:37:52,191 [INFO] Socket listening on ('127.0.0.1', 43999)
2025-07-11 15:37:52,471 [INFO] ✅ Streaming started with foreachBatch.
2025-07-11 15:37:55,202 [INFO] Python Server ready to receive messages
2025-07-11 15:37:55,202 [INFO] Received command c on object id p0
2025-07-11 15:39:46,917 [INFO] Error while receiving.
Traceback (most recent call last):
  File "/home/anhkhoa/.venv/lib/python3.10/site-packages/py4j/clientserver.py", line 511, in send_command
    answer = smart_decode(self.stream.readline()[:-1])
RuntimeError: reentrant call inside <_io.BufferedReader name=4>
2025-07-11 15:39:46,926 [INFO] Closing down clientserver connection
2025-07-11 15:39:46,927 [ERROR] Exception while sending command.
Traceback (most recent call last):
  File "/home/anhkhoa/.venv/lib/python3.10/site-packages/py4j/clientserver.py", line 511, in send_command
    answer = smart_decode(self.stream.readline()[:-1])
RuntimeError: reentrant call inside <_io.BufferedReader name=4>

During handling of the above exception, another exception occurred:

Traceback (most recent call last):
  File "/home/anhkhoa/.venv/lib/python3.10/site-packages/py4j/java_gateway.py", line 1038, in send_command
    response = connection.send_command(command)
  File "/home/anhkhoa/.venv/lib/python3.10/site-packages/py4j/clientserver.py", line 539, in send_command
    raise Py4JNetworkError(
py4j.protocol.Py4JNetworkError: Error while sending or receiving
2025-07-11 15:39:46,930 [INFO] Error while receiving.
Traceback (most recent call last):
  File "/home/anhkhoa/.venv/lib/python3.10/site-packages/py4j/clientserver.py", line 511, in send_command
    answer = smart_decode(self.stream.readline()[:-1])
  File "/usr/lib/python3.10/socket.py", line 705, in readinto
    return self._sock.recv_into(b)
  File "/home/anhkhoa/.venv/lib/python3.10/site-packages/pyspark/context.py", line 381, in signal_handler
    self.cancelAllJobs()
  File "/home/anhkhoa/.venv/lib/python3.10/site-packages/pyspark/context.py", line 2446, in cancelAllJobs
    self._jsc.sc().cancelAllJobs()
  File "/home/anhkhoa/.venv/lib/python3.10/site-packages/py4j/java_gateway.py", line 1322, in __call__
    return_value = get_return_value(
  File "/home/anhkhoa/.venv/lib/python3.10/site-packages/pyspark/errors/exceptions/captured.py", line 179, in deco
    return f(*a, **kw)
  File "/home/anhkhoa/.venv/lib/python3.10/site-packages/py4j/protocol.py", line 334, in get_return_value
    raise Py4JError(
py4j.protocol.Py4JError: An error occurred while calling o30.sc
2025-07-11 15:39:46,936 [INFO] Closing down clientserver connection
2025-07-11 15:39:46,937 [ERROR] Exception while sending command.
Traceback (most recent call last):
  File "/home/anhkhoa/.venv/lib/python3.10/site-packages/py4j/clientserver.py", line 511, in send_command
    answer = smart_decode(self.stream.readline()[:-1])
  File "/usr/lib/python3.10/socket.py", line 705, in readinto
    return self._sock.recv_into(b)
  File "/home/anhkhoa/.venv/lib/python3.10/site-packages/pyspark/context.py", line 381, in signal_handler
    self.cancelAllJobs()
  File "/home/anhkhoa/.venv/lib/python3.10/site-packages/pyspark/context.py", line 2446, in cancelAllJobs
    self._jsc.sc().cancelAllJobs()
  File "/home/anhkhoa/.venv/lib/python3.10/site-packages/py4j/java_gateway.py", line 1322, in __call__
    return_value = get_return_value(
  File "/home/anhkhoa/.venv/lib/python3.10/site-packages/pyspark/errors/exceptions/captured.py", line 179, in deco
    return f(*a, **kw)
  File "/home/anhkhoa/.venv/lib/python3.10/site-packages/py4j/protocol.py", line 334, in get_return_value
    raise Py4JError(
py4j.protocol.Py4JError: An error occurred while calling o30.sc

During handling of the above exception, another exception occurred:

Traceback (most recent call last):
  File "/home/anhkhoa/.venv/lib/python3.10/site-packages/py4j/java_gateway.py", line 1038, in send_command
    response = connection.send_command(command)
  File "/home/anhkhoa/.venv/lib/python3.10/site-packages/py4j/clientserver.py", line 539, in send_command
    raise Py4JNetworkError(
py4j.protocol.Py4JNetworkError: Error while sending or receiving
2025-07-11 15:39:46,937 [INFO] Closing down clientserver connection
2025-07-11 15:39:46,987 [INFO] Closing down clientserver connection
2025-07-11 15:40:30,592 [INFO] ✅ Spark connection created successfully.
2025-07-11 15:40:32,993 [INFO] ✅ Selection dataframe created from Kafka stream
2025-07-11 15:40:32,995 [ERROR] Could not create cassandra connection due to getaddrinfo() argument 1 must be string or None
2025-07-11 15:40:33,013 [INFO] Callback Server Starting
2025-07-11 15:40:33,014 [INFO] Socket listening on ('127.0.0.1', 36749)
2025-07-11 15:40:33,284 [INFO] ✅ Streaming started with foreachBatch.
2025-07-11 15:40:35,264 [INFO] Python Server ready to receive messages
2025-07-11 15:40:35,264 [INFO] Received command c on object id p0
2025-07-11 15:40:50,120 [INFO] Received command c on object id p0
2025-07-11 15:40:51,280 [INFO] Received command c on object id p0
2025-07-11 15:40:52,390 [INFO] Received command c on object id p0
2025-07-11 15:40:51,878 [INFO] Received command c on object id p0
2025-07-11 15:40:53,045 [INFO] Received command c on object id p0
2025-07-11 15:40:54,106 [INFO] Received command c on object id p0
2025-07-11 15:40:55,249 [INFO] Received command c on object id p0
2025-07-11 15:40:56,175 [INFO] Received command c on object id p0
2025-07-11 15:40:57,133 [INFO] Received command c on object id p0
2025-07-11 15:40:58,166 [INFO] Received command c on object id p0
2025-07-11 15:40:59,167 [INFO] Received command c on object id p0
2025-07-11 15:41:00,389 [INFO] Received command c on object id p0
2025-07-11 15:41:01,398 [INFO] Received command c on object id p0
2025-07-11 15:41:01,970 [INFO] Error while receiving.
Traceback (most recent call last):
  File "/home/anhkhoa/.venv/lib/python3.10/site-packages/py4j/clientserver.py", line 511, in send_command
    answer = smart_decode(self.stream.readline()[:-1])
RuntimeError: reentrant call inside <_io.BufferedReader name=4>
2025-07-11 15:41:01,973 [INFO] Closing down clientserver connection
2025-07-11 15:41:01,973 [ERROR] Exception while sending command.
Traceback (most recent call last):
  File "/home/anhkhoa/.venv/lib/python3.10/site-packages/py4j/clientserver.py", line 511, in send_command
    answer = smart_decode(self.stream.readline()[:-1])
RuntimeError: reentrant call inside <_io.BufferedReader name=4>

During handling of the above exception, another exception occurred:

Traceback (most recent call last):
  File "/home/anhkhoa/.venv/lib/python3.10/site-packages/py4j/java_gateway.py", line 1038, in send_command
    response = connection.send_command(command)
  File "/home/anhkhoa/.venv/lib/python3.10/site-packages/py4j/clientserver.py", line 539, in send_command
    raise Py4JNetworkError(
py4j.protocol.Py4JNetworkError: Error while sending or receiving
2025-07-11 15:41:01,975 [INFO] Error while receiving.
Traceback (most recent call last):
  File "/home/anhkhoa/.venv/lib/python3.10/site-packages/py4j/clientserver.py", line 511, in send_command
    answer = smart_decode(self.stream.readline()[:-1])
  File "/usr/lib/python3.10/socket.py", line 705, in readinto
    return self._sock.recv_into(b)
  File "/home/anhkhoa/.venv/lib/python3.10/site-packages/pyspark/context.py", line 381, in signal_handler
    self.cancelAllJobs()
  File "/home/anhkhoa/.venv/lib/python3.10/site-packages/pyspark/context.py", line 2446, in cancelAllJobs
    self._jsc.sc().cancelAllJobs()
  File "/home/anhkhoa/.venv/lib/python3.10/site-packages/py4j/java_gateway.py", line 1322, in __call__
    return_value = get_return_value(
  File "/home/anhkhoa/.venv/lib/python3.10/site-packages/pyspark/errors/exceptions/captured.py", line 179, in deco
    return f(*a, **kw)
  File "/home/anhkhoa/.venv/lib/python3.10/site-packages/py4j/protocol.py", line 334, in get_return_value
    raise Py4JError(
py4j.protocol.Py4JError: An error occurred while calling o30.sc
2025-07-11 15:41:01,979 [INFO] Closing down clientserver connection
2025-07-11 15:41:01,979 [ERROR] Exception while sending command.
Traceback (most recent call last):
  File "/home/anhkhoa/.venv/lib/python3.10/site-packages/py4j/clientserver.py", line 511, in send_command
    answer = smart_decode(self.stream.readline()[:-1])
  File "/usr/lib/python3.10/socket.py", line 705, in readinto
    return self._sock.recv_into(b)
  File "/home/anhkhoa/.venv/lib/python3.10/site-packages/pyspark/context.py", line 381, in signal_handler
    self.cancelAllJobs()
  File "/home/anhkhoa/.venv/lib/python3.10/site-packages/pyspark/context.py", line 2446, in cancelAllJobs
    self._jsc.sc().cancelAllJobs()
  File "/home/anhkhoa/.venv/lib/python3.10/site-packages/py4j/java_gateway.py", line 1322, in __call__
    return_value = get_return_value(
  File "/home/anhkhoa/.venv/lib/python3.10/site-packages/pyspark/errors/exceptions/captured.py", line 179, in deco
    return f(*a, **kw)
  File "/home/anhkhoa/.venv/lib/python3.10/site-packages/py4j/protocol.py", line 334, in get_return_value
    raise Py4JError(
py4j.protocol.Py4JError: An error occurred while calling o30.sc

During handling of the above exception, another exception occurred:

Traceback (most recent call last):
  File "/home/anhkhoa/.venv/lib/python3.10/site-packages/py4j/java_gateway.py", line 1038, in send_command
    response = connection.send_command(command)
  File "/home/anhkhoa/.venv/lib/python3.10/site-packages/py4j/clientserver.py", line 539, in send_command
    raise Py4JNetworkError(
py4j.protocol.Py4JNetworkError: Error while sending or receiving
2025-07-11 15:41:01,979 [INFO] Closing down clientserver connection
2025-07-11 15:47:29,831 [INFO] ✅ Spark connection created successfully.
2025-07-11 15:47:31,685 [INFO] ✅ Selection dataframe created from Kafka stream
2025-07-11 15:47:31,696 [ERROR] Could not create cassandra connection due to getaddrinfo() argument 1 must be string or None
2025-07-11 15:47:31,713 [INFO] Callback Server Starting
2025-07-11 15:47:31,713 [INFO] Socket listening on ('127.0.0.1', 34369)
2025-07-11 15:47:30,132 [INFO] ✅ Streaming started with foreachBatch.
2025-07-11 15:47:32,188 [INFO] Python Server ready to receive messages
2025-07-11 15:47:32,189 [INFO] Received command c on object id p0
2025-07-11 15:48:30,253 [INFO] Received command c on object id p0
2025-07-11 15:48:38,431 [INFO] Received command c on object id p0
2025-07-11 15:49:02,798 [INFO] Received command c on object id p0
2025-07-11 15:49:14,886 [INFO] Received command c on object id p0
2025-07-11 15:49:27,517 [INFO] Received command c on object id p0
2025-07-11 15:49:33,987 [INFO] Received command c on object id p0
2025-07-11 15:49:47,788 [INFO] Received command c on object id p0
2025-07-11 15:49:57,609 [INFO] Received command c on object id p0
2025-07-11 15:50:07,759 [INFO] Received command c on object id p0
2025-07-11 15:50:18,294 [INFO] Received command c on object id p0
2025-07-11 15:50:28,944 [INFO] Received command c on object id p0
2025-07-11 15:50:38,353 [INFO] Received command c on object id p0
2025-07-11 15:50:45,195 [INFO] Error while receiving.
Traceback (most recent call last):
  File "/home/anhkhoa/.venv/lib/python3.10/site-packages/py4j/clientserver.py", line 511, in send_command
    answer = smart_decode(self.stream.readline()[:-1])
RuntimeError: reentrant call inside <_io.BufferedReader name=4>
2025-07-11 15:50:45,325 [INFO] Closing down clientserver connection
2025-07-11 15:50:45,329 [ERROR] Exception while sending command.
Traceback (most recent call last):
  File "/home/anhkhoa/.venv/lib/python3.10/site-packages/py4j/clientserver.py", line 511, in send_command
    answer = smart_decode(self.stream.readline()[:-1])
RuntimeError: reentrant call inside <_io.BufferedReader name=4>

During handling of the above exception, another exception occurred:

Traceback (most recent call last):
  File "/home/anhkhoa/.venv/lib/python3.10/site-packages/py4j/java_gateway.py", line 1038, in send_command
    response = connection.send_command(command)
  File "/home/anhkhoa/.venv/lib/python3.10/site-packages/py4j/clientserver.py", line 539, in send_command
    raise Py4JNetworkError(
py4j.protocol.Py4JNetworkError: Error while sending or receiving
2025-07-11 15:50:45,339 [INFO] Error while receiving.
Traceback (most recent call last):
  File "/home/anhkhoa/.venv/lib/python3.10/site-packages/py4j/clientserver.py", line 511, in send_command
    answer = smart_decode(self.stream.readline()[:-1])
  File "/usr/lib/python3.10/socket.py", line 705, in readinto
    return self._sock.recv_into(b)
  File "/home/anhkhoa/.venv/lib/python3.10/site-packages/pyspark/context.py", line 381, in signal_handler
    self.cancelAllJobs()
  File "/home/anhkhoa/.venv/lib/python3.10/site-packages/pyspark/context.py", line 2446, in cancelAllJobs
    self._jsc.sc().cancelAllJobs()
  File "/home/anhkhoa/.venv/lib/python3.10/site-packages/py4j/java_gateway.py", line 1322, in __call__
    return_value = get_return_value(
  File "/home/anhkhoa/.venv/lib/python3.10/site-packages/pyspark/errors/exceptions/captured.py", line 179, in deco
    return f(*a, **kw)
  File "/home/anhkhoa/.venv/lib/python3.10/site-packages/py4j/protocol.py", line 334, in get_return_value
    raise Py4JError(
py4j.protocol.Py4JError: An error occurred while calling o30.sc
2025-07-11 15:50:45,350 [INFO] Closing down clientserver connection
2025-07-11 15:50:45,350 [ERROR] Exception while sending command.
Traceback (most recent call last):
  File "/home/anhkhoa/.venv/lib/python3.10/site-packages/py4j/clientserver.py", line 511, in send_command
    answer = smart_decode(self.stream.readline()[:-1])
  File "/usr/lib/python3.10/socket.py", line 705, in readinto
    return self._sock.recv_into(b)
  File "/home/anhkhoa/.venv/lib/python3.10/site-packages/pyspark/context.py", line 381, in signal_handler
    self.cancelAllJobs()
  File "/home/anhkhoa/.venv/lib/python3.10/site-packages/pyspark/context.py", line 2446, in cancelAllJobs
    self._jsc.sc().cancelAllJobs()
  File "/home/anhkhoa/.venv/lib/python3.10/site-packages/py4j/java_gateway.py", line 1322, in __call__
    return_value = get_return_value(
  File "/home/anhkhoa/.venv/lib/python3.10/site-packages/pyspark/errors/exceptions/captured.py", line 179, in deco
    return f(*a, **kw)
  File "/home/anhkhoa/.venv/lib/python3.10/site-packages/py4j/protocol.py", line 334, in get_return_value
    raise Py4JError(
py4j.protocol.Py4JError: An error occurred while calling o30.sc

During handling of the above exception, another exception occurred:

Traceback (most recent call last):
  File "/home/anhkhoa/.venv/lib/python3.10/site-packages/py4j/java_gateway.py", line 1038, in send_command
    response = connection.send_command(command)
  File "/home/anhkhoa/.venv/lib/python3.10/site-packages/py4j/clientserver.py", line 539, in send_command
    raise Py4JNetworkError(
py4j.protocol.Py4JNetworkError: Error while sending or receiving
2025-07-11 15:50:45,352 [INFO] Closing down clientserver connection
2025-07-11 15:50:46,598 [INFO] Closing down clientserver connection
2025-07-11 15:54:09,017 [INFO] ✅ Spark connection created successfully.
2025-07-11 15:54:19,973 [INFO] Closing down clientserver connection
2025-07-11 16:00:16,085 [INFO] ✅ Spark connection created successfully.
2025-07-11 16:00:23,870 [INFO] Closing down clientserver connection
2025-07-11 16:06:35,480 [INFO] ✅ Spark connection created successfully.
2025-07-11 16:06:46,230 [INFO] Closing down clientserver connection
2025-07-11 16:08:11,291 [INFO] ✅ Spark connection created successfully.
2025-07-11 16:08:19,663 [INFO] Closing down clientserver connection
2025-07-11 16:22:59,848 [INFO] ✅ Spark connection created successfully.
2025-07-11 16:23:01,968 [INFO] ✅ Selection dataframe created from Kafka stream
2025-07-11 16:23:01,985 [ERROR] Could not create cassandra connection due to getaddrinfo() argument 1 must be string or None
2025-07-11 16:23:02,009 [INFO] Callback Server Starting
2025-07-11 16:23:02,010 [INFO] Socket listening on ('127.0.0.1', 42485)
2025-07-11 16:23:02,381 [INFO] ✅ Streaming started with foreachBatch.
2025-07-11 16:23:04,550 [INFO] Python Server ready to receive messages
2025-07-11 16:23:04,551 [INFO] Received command c on object id p0
2025-07-11 16:23:45,009 [ERROR] There was an exception while executing the Python Proxy on the Python Side.
Traceback (most recent call last):
  File "/home/anhkhoa/.venv/lib/python3.10/site-packages/py4j/clientserver.py", line 617, in _call_proxy
    return_value = getattr(self.pool[obj_id], method)(*params)
  File "/home/anhkhoa/.venv/lib/python3.10/site-packages/pyspark/sql/utils.py", line 120, in call
    raise e
  File "/home/anhkhoa/.venv/lib/python3.10/site-packages/pyspark/sql/utils.py", line 117, in call
    self.func(DataFrame(jdf, wrapped_session_jdf), batch_id)
  File "/home/anhkhoa/spark_video_streaming/src/inference.py", line 95, in <lambda>
    .foreachBatch(lambda batch_df, batch_id: process_batch(batch_df, batch_id, config))
  File "/home/anhkhoa/spark_video_streaming/src/inference.py", line 60, in process_batch
    text_embedding[i] = torch.tensor(np.frombuffer(text_embedding[i], dtype=np.float32)).to(device)
TypeError: a bytes-like object is required, not 'list'
2025-07-11 16:23:45,441 [INFO] Closing down clientserver connection
2025-07-11 16:24:32,417 [INFO] ✅ Spark connection created successfully.
2025-07-11 16:24:34,584 [INFO] ✅ Selection dataframe created from Kafka stream
2025-07-11 16:24:34,588 [ERROR] Could not create cassandra connection due to getaddrinfo() argument 1 must be string or None
2025-07-11 16:24:34,613 [INFO] Callback Server Starting
2025-07-11 16:24:34,613 [INFO] Socket listening on ('127.0.0.1', 38909)
2025-07-11 16:24:34,892 [INFO] ✅ Streaming started with foreachBatch.
2025-07-11 16:24:36,921 [INFO] Python Server ready to receive messages
2025-07-11 16:24:36,921 [INFO] Received command c on object id p0
2025-07-11 16:26:20,125 [ERROR] There was an exception while executing the Python Proxy on the Python Side.
Traceback (most recent call last):
  File "/home/anhkhoa/.venv/lib/python3.10/site-packages/py4j/clientserver.py", line 617, in _call_proxy
    return_value = getattr(self.pool[obj_id], method)(*params)
  File "/home/anhkhoa/.venv/lib/python3.10/site-packages/pyspark/sql/utils.py", line 120, in call
    raise e
  File "/home/anhkhoa/.venv/lib/python3.10/site-packages/pyspark/sql/utils.py", line 117, in call
    self.func(DataFrame(jdf, wrapped_session_jdf), batch_id)
  File "/home/anhkhoa/spark_video_streaming/src/inference.py", line 95, in <lambda>
    .foreachBatch(lambda batch_df, batch_id: process_batch(batch_df, batch_id, config))
  File "/home/anhkhoa/spark_video_streaming/src/inference.py", line 63, in process_batch
    output = model(video_feat[i].unsqueeze(0), audio_feat[i].unsqueeze(0), text_embedding[i].unsqueeze(0))
  File "/home/anhkhoa/.venv/lib/python3.10/site-packages/torch/nn/modules/module.py", line 1739, in _wrapped_call_impl
    return self._call_impl(*args, **kwargs)
  File "/home/anhkhoa/.venv/lib/python3.10/site-packages/torch/nn/modules/module.py", line 1750, in _call_impl
    return forward_call(*args, **kwargs)
  File "/home/anhkhoa/spark_video_streaming/src/models/model.py", line 92, in forward
    combined = torch.cat((visual_feat, audio_feat, text_feat), dim=1)  # Shape: (batch_size, visual_hidden_size + audio_hidden_size + text_hidden_size)
RuntimeError: Tensors must have same number of dimensions: got 2 and 3
2025-07-11 16:26:19,622 [INFO] Closing down clientserver connection
2025-07-11 16:29:18,185 [INFO] ✅ Spark connection created successfully.
2025-07-11 16:29:20,004 [INFO] ✅ Selection dataframe created from Kafka stream
2025-07-11 16:29:20,008 [ERROR] Could not create cassandra connection due to getaddrinfo() argument 1 must be string or None
2025-07-11 16:29:20,028 [INFO] Callback Server Starting
2025-07-11 16:29:20,028 [INFO] Socket listening on ('127.0.0.1', 34049)
2025-07-11 16:29:20,303 [INFO] ✅ Streaming started with foreachBatch.
2025-07-11 16:29:22,231 [INFO] Python Server ready to receive messages
2025-07-11 16:29:22,231 [INFO] Received command c on object id p0
2025-07-11 16:31:56,644 [INFO] Error while receiving.
Traceback (most recent call last):
  File "/home/anhkhoa/.venv/lib/python3.10/site-packages/py4j/clientserver.py", line 511, in send_command
    answer = smart_decode(self.stream.readline()[:-1])
RuntimeError: reentrant call inside <_io.BufferedReader name=10>
2025-07-11 16:31:56,792 [INFO] Closing down clientserver connection
2025-07-11 16:31:56,795 [ERROR] Exception while sending command.
Traceback (most recent call last):
  File "/home/anhkhoa/.venv/lib/python3.10/site-packages/py4j/clientserver.py", line 511, in send_command
    answer = smart_decode(self.stream.readline()[:-1])
RuntimeError: reentrant call inside <_io.BufferedReader name=10>

During handling of the above exception, another exception occurred:

Traceback (most recent call last):
  File "/home/anhkhoa/.venv/lib/python3.10/site-packages/py4j/java_gateway.py", line 1038, in send_command
    response = connection.send_command(command)
  File "/home/anhkhoa/.venv/lib/python3.10/site-packages/py4j/clientserver.py", line 539, in send_command
    raise Py4JNetworkError(
py4j.protocol.Py4JNetworkError: Error while sending or receiving
2025-07-11 16:31:56,810 [INFO] Error while receiving.
Traceback (most recent call last):
  File "/home/anhkhoa/.venv/lib/python3.10/site-packages/py4j/clientserver.py", line 511, in send_command
    answer = smart_decode(self.stream.readline()[:-1])
  File "/usr/lib/python3.10/socket.py", line 705, in readinto
    return self._sock.recv_into(b)
  File "/home/anhkhoa/.venv/lib/python3.10/site-packages/pyspark/context.py", line 381, in signal_handler
    self.cancelAllJobs()
  File "/home/anhkhoa/.venv/lib/python3.10/site-packages/pyspark/context.py", line 2446, in cancelAllJobs
    self._jsc.sc().cancelAllJobs()
  File "/home/anhkhoa/.venv/lib/python3.10/site-packages/py4j/java_gateway.py", line 1322, in __call__
    return_value = get_return_value(
  File "/home/anhkhoa/.venv/lib/python3.10/site-packages/pyspark/errors/exceptions/captured.py", line 179, in deco
    return f(*a, **kw)
  File "/home/anhkhoa/.venv/lib/python3.10/site-packages/py4j/protocol.py", line 334, in get_return_value
    raise Py4JError(
py4j.protocol.Py4JError: An error occurred while calling o30.sc
2025-07-11 16:31:56,817 [INFO] Closing down clientserver connection
2025-07-11 16:31:56,817 [ERROR] Exception while sending command.
Traceback (most recent call last):
  File "/home/anhkhoa/.venv/lib/python3.10/site-packages/py4j/clientserver.py", line 511, in send_command
    answer = smart_decode(self.stream.readline()[:-1])
  File "/usr/lib/python3.10/socket.py", line 705, in readinto
    return self._sock.recv_into(b)
  File "/home/anhkhoa/.venv/lib/python3.10/site-packages/pyspark/context.py", line 381, in signal_handler
    self.cancelAllJobs()
  File "/home/anhkhoa/.venv/lib/python3.10/site-packages/pyspark/context.py", line 2446, in cancelAllJobs
    self._jsc.sc().cancelAllJobs()
  File "/home/anhkhoa/.venv/lib/python3.10/site-packages/py4j/java_gateway.py", line 1322, in __call__
    return_value = get_return_value(
  File "/home/anhkhoa/.venv/lib/python3.10/site-packages/pyspark/errors/exceptions/captured.py", line 179, in deco
    return f(*a, **kw)
  File "/home/anhkhoa/.venv/lib/python3.10/site-packages/py4j/protocol.py", line 334, in get_return_value
    raise Py4JError(
py4j.protocol.Py4JError: An error occurred while calling o30.sc

During handling of the above exception, another exception occurred:

Traceback (most recent call last):
  File "/home/anhkhoa/.venv/lib/python3.10/site-packages/py4j/java_gateway.py", line 1038, in send_command
    response = connection.send_command(command)
  File "/home/anhkhoa/.venv/lib/python3.10/site-packages/py4j/clientserver.py", line 539, in send_command
    raise Py4JNetworkError(
py4j.protocol.Py4JNetworkError: Error while sending or receiving
2025-07-11 16:31:56,818 [INFO] Closing down clientserver connection
2025-07-11 16:31:57,840 [INFO] Closing down clientserver connection
2025-07-11 16:35:16,281 [INFO] ✅ Spark connection created successfully.
2025-07-11 16:35:18,076 [INFO] ✅ Selection dataframe created from Kafka stream
2025-07-11 16:35:18,080 [ERROR] Could not create cassandra connection due to getaddrinfo() argument 1 must be string or None
2025-07-11 16:35:18,098 [INFO] Callback Server Starting
2025-07-11 16:35:18,099 [INFO] Socket listening on ('127.0.0.1', 33645)
2025-07-11 16:35:18,365 [INFO] ✅ Streaming started with foreachBatch.
2025-07-11 16:35:20,192 [INFO] Python Server ready to receive messages
2025-07-11 16:35:20,192 [INFO] Received command c on object id p0
2025-07-11 16:44:12,767 [INFO] ✅ Spark connection created successfully.
2025-07-11 16:44:14,835 [INFO] ✅ Selection dataframe created from Kafka stream
2025-07-11 16:44:14,844 [ERROR] Could not create cassandra connection due to getaddrinfo() argument 1 must be string or None
2025-07-11 16:44:14,871 [INFO] Callback Server Starting
2025-07-11 16:44:14,872 [INFO] Socket listening on ('127.0.0.1', 33927)
2025-07-11 16:44:15,140 [INFO] ✅ Streaming started with foreachBatch.
2025-07-11 16:44:16,991 [INFO] Python Server ready to receive messages
2025-07-11 16:44:16,991 [INFO] Received command c on object id p0
2025-07-11 16:44:39,304 [INFO] Received command c on object id p0
2025-07-11 16:44:58,756 [INFO] Received command c on object id p0
2025-07-11 16:57:24,442 [INFO] ✅ Spark connection created successfully.
2025-07-11 16:57:26,499 [INFO] ✅ Selection dataframe created from Kafka stream
2025-07-11 16:57:26,512 [WARNING] Cluster.__init__ called with contact_points specified, but no load_balancing_policy. In the next major version, this will raise an error; please specify a load-balancing policy. (contact_points = ['localhost'], lbp = None)
2025-07-11 16:57:27,049 [INFO] Using datacenter 'datacenter1' for DCAwareRoundRobinPolicy (via host '127.0.0.1:9042'); if incorrect, please specify a local_dc to the constructor, or limit contact points to local cluster nodes
2025-07-11 16:57:28,325 [INFO] ⚡ Streaming started with feature extraction...
2025-07-11 16:57:28,348 [INFO] Callback Server Starting
2025-07-11 16:57:28,351 [INFO] Socket listening on ('127.0.0.1', 36707)
2025-07-11 16:57:30,707 [INFO] Python Server ready to receive messages
2025-07-11 16:57:30,708 [INFO] Received command c on object id p0
2025-07-11 16:58:11,551 [INFO] Received command c on object id p0
2025-07-11 16:58:14,928 [INFO] Received command c on object id p0
2025-07-11 16:58:18,875 [INFO] Received command c on object id p0
2025-07-11 16:58:22,378 [INFO] Received command c on object id p0
2025-07-11 16:58:26,768 [INFO] Received command c on object id p0
2025-07-11 16:58:31,905 [INFO] Received command c on object id p0
2025-07-11 16:58:37,540 [INFO] Received command c on object id p0
2025-07-11 16:58:41,998 [INFO] Received command c on object id p0
2025-07-11 16:58:56,775 [INFO] Received command c on object id p0
2025-07-11 16:59:04,207 [INFO] Received command c on object id p0
2025-07-11 16:59:09,026 [INFO] Received command c on object id p0
2025-07-11 16:59:12,279 [INFO] Received command c on object id p0
2025-07-11 16:59:14,798 [INFO] Received command c on object id p0
2025-07-11 16:59:17,167 [INFO] Received command c on object id p0
2025-07-11 16:59:19,817 [INFO] Received command c on object id p0
2025-07-11 16:59:21,712 [INFO] Received command c on object id p0
2025-07-11 16:59:22,121 [INFO] Received command c on object id p0
2025-07-11 16:59:24,343 [INFO] Received command c on object id p0
2025-07-11 16:59:26,910 [INFO] Received command c on object id p0
2025-07-11 16:59:28,989 [INFO] Received command c on object id p0
2025-07-11 16:59:31,267 [INFO] Received command c on object id p0
2025-07-11 16:59:33,445 [INFO] Received command c on object id p0
2025-07-11 16:59:35,637 [INFO] Received command c on object id p0
2025-07-11 16:59:37,924 [INFO] Received command c on object id p0
2025-07-11 16:59:40,113 [INFO] Received command c on object id p0
2025-07-11 16:59:42,399 [INFO] Received command c on object id p0
2025-07-11 16:59:44,614 [INFO] Received command c on object id p0
2025-07-11 16:59:46,952 [INFO] Received command c on object id p0
2025-07-11 16:59:49,291 [INFO] Received command c on object id p0
2025-07-11 16:59:51,293 [INFO] Received command c on object id p0
2025-07-11 16:59:51,571 [INFO] Received command c on object id p0
2025-07-11 16:59:53,826 [INFO] Received command c on object id p0
2025-07-11 16:59:56,339 [INFO] Received command c on object id p0
2025-07-11 16:59:58,784 [INFO] Received command c on object id p0
2025-07-11 17:00:00,815 [INFO] Received command c on object id p0
2025-07-11 17:00:03,444 [INFO] Received command c on object id p0
2025-07-11 17:00:05,845 [INFO] Received command c on object id p0
2025-07-11 17:00:07,770 [INFO] Received command c on object id p0
2025-07-11 17:00:09,740 [INFO] Received command c on object id p0
2025-07-11 17:00:13,275 [INFO] Received command c on object id p0
2025-07-11 17:00:15,428 [INFO] Received command c on object id p0
2025-07-11 17:00:17,418 [INFO] Received command c on object id p0
2025-07-11 17:00:19,610 [INFO] Received command c on object id p0
2025-07-11 17:00:21,854 [INFO] Received command c on object id p0
2025-07-11 17:00:22,163 [INFO] Received command c on object id p0
2025-07-11 17:00:24,348 [INFO] Received command c on object id p0
2025-07-11 17:01:22,906 [INFO] Error while receiving.
Traceback (most recent call last):
  File "/home/anhkhoa/.venv/lib/python3.10/site-packages/py4j/clientserver.py", line 511, in send_command
    answer = smart_decode(self.stream.readline()[:-1])
RuntimeError: reentrant call inside <_io.BufferedReader name=4>
2025-07-11 17:01:22,911 [INFO] Closing down clientserver connection
2025-07-11 17:01:22,911 [ERROR] Exception while sending command.
Traceback (most recent call last):
  File "/home/anhkhoa/.venv/lib/python3.10/site-packages/py4j/clientserver.py", line 511, in send_command
    answer = smart_decode(self.stream.readline()[:-1])
RuntimeError: reentrant call inside <_io.BufferedReader name=4>

During handling of the above exception, another exception occurred:

Traceback (most recent call last):
  File "/home/anhkhoa/.venv/lib/python3.10/site-packages/py4j/java_gateway.py", line 1038, in send_command
    response = connection.send_command(command)
  File "/home/anhkhoa/.venv/lib/python3.10/site-packages/py4j/clientserver.py", line 539, in send_command
    raise Py4JNetworkError(
py4j.protocol.Py4JNetworkError: Error while sending or receiving
2025-07-11 17:01:22,914 [INFO] Error while receiving.
Traceback (most recent call last):
  File "/home/anhkhoa/.venv/lib/python3.10/site-packages/py4j/clientserver.py", line 511, in send_command
    answer = smart_decode(self.stream.readline()[:-1])
  File "/usr/lib/python3.10/socket.py", line 705, in readinto
    return self._sock.recv_into(b)
  File "/home/anhkhoa/.venv/lib/python3.10/site-packages/pyspark/context.py", line 381, in signal_handler
    self.cancelAllJobs()
  File "/home/anhkhoa/.venv/lib/python3.10/site-packages/pyspark/context.py", line 2446, in cancelAllJobs
    self._jsc.sc().cancelAllJobs()
  File "/home/anhkhoa/.venv/lib/python3.10/site-packages/py4j/java_gateway.py", line 1322, in __call__
    return_value = get_return_value(
  File "/home/anhkhoa/.venv/lib/python3.10/site-packages/pyspark/errors/exceptions/captured.py", line 179, in deco
    return f(*a, **kw)
  File "/home/anhkhoa/.venv/lib/python3.10/site-packages/py4j/protocol.py", line 334, in get_return_value
    raise Py4JError(
py4j.protocol.Py4JError: An error occurred while calling o30.sc
2025-07-11 17:01:22,920 [INFO] Closing down clientserver connection
2025-07-11 17:01:22,920 [ERROR] Exception while sending command.
Traceback (most recent call last):
  File "/home/anhkhoa/.venv/lib/python3.10/site-packages/py4j/clientserver.py", line 511, in send_command
    answer = smart_decode(self.stream.readline()[:-1])
  File "/usr/lib/python3.10/socket.py", line 705, in readinto
    return self._sock.recv_into(b)
  File "/home/anhkhoa/.venv/lib/python3.10/site-packages/pyspark/context.py", line 381, in signal_handler
    self.cancelAllJobs()
  File "/home/anhkhoa/.venv/lib/python3.10/site-packages/pyspark/context.py", line 2446, in cancelAllJobs
    self._jsc.sc().cancelAllJobs()
  File "/home/anhkhoa/.venv/lib/python3.10/site-packages/py4j/java_gateway.py", line 1322, in __call__
    return_value = get_return_value(
  File "/home/anhkhoa/.venv/lib/python3.10/site-packages/pyspark/errors/exceptions/captured.py", line 179, in deco
    return f(*a, **kw)
  File "/home/anhkhoa/.venv/lib/python3.10/site-packages/py4j/protocol.py", line 334, in get_return_value
    raise Py4JError(
py4j.protocol.Py4JError: An error occurred while calling o30.sc

During handling of the above exception, another exception occurred:

Traceback (most recent call last):
  File "/home/anhkhoa/.venv/lib/python3.10/site-packages/py4j/java_gateway.py", line 1038, in send_command
    response = connection.send_command(command)
  File "/home/anhkhoa/.venv/lib/python3.10/site-packages/py4j/clientserver.py", line 539, in send_command
    raise Py4JNetworkError(
py4j.protocol.Py4JNetworkError: Error while sending or receiving
2025-07-11 17:01:22,921 [INFO] Closing down clientserver connection
2025-07-11 17:01:22,989 [INFO] Closing down clientserver connection
2025-07-11 17:19:16,293 [INFO] ✅ Spark connection created successfully.
2025-07-11 17:19:18,256 [INFO] ✅ Selection dataframe created from Kafka stream
2025-07-11 17:19:18,268 [ERROR] Could not create cassandra connection due to getaddrinfo() argument 1 must be string or None
2025-07-11 17:19:18,294 [INFO] Callback Server Starting
2025-07-11 17:19:18,295 [INFO] Socket listening on ('127.0.0.1', 39721)
2025-07-11 17:19:18,572 [INFO] ✅ Streaming started with foreachBatch.
2025-07-11 17:19:20,533 [INFO] Python Server ready to receive messages
2025-07-11 17:19:20,533 [INFO] Received command c on object id p0
2025-07-11 17:19:41,485 [ERROR] There was an exception while executing the Python Proxy on the Python Side.
Traceback (most recent call last):
  File "/home/anhkhoa/.venv/lib/python3.10/site-packages/py4j/clientserver.py", line 617, in _call_proxy
    return_value = getattr(self.pool[obj_id], method)(*params)
  File "/home/anhkhoa/.venv/lib/python3.10/site-packages/pyspark/sql/utils.py", line 120, in call
    raise e
  File "/home/anhkhoa/.venv/lib/python3.10/site-packages/pyspark/sql/utils.py", line 117, in call
    self.func(DataFrame(jdf, wrapped_session_jdf), batch_id)
  File "/home/anhkhoa/spark_video_streaming/src/inference.py", line 89, in <lambda>
    .foreachBatch(lambda batch_df, batch_id: process_batch(batch_df, batch_id, config))
  File "/home/anhkhoa/spark_video_streaming/src/inference.py", line 53, in process_batch
    video_feat = batch_df.select("video_feat").rdd.flatMap(lambda x: x).collect()
  File "/home/anhkhoa/.venv/lib/python3.10/site-packages/pyspark/rdd.py", line 1833, in collect
    sock_info = self.ctx._jvm.PythonRDD.collectAndServe(self._jrdd.rdd())
  File "/home/anhkhoa/.venv/lib/python3.10/site-packages/py4j/java_gateway.py", line 1322, in __call__
    return_value = get_return_value(
  File "/home/anhkhoa/.venv/lib/python3.10/site-packages/pyspark/errors/exceptions/captured.py", line 185, in deco
    raise converted from None
pyspark.errors.exceptions.captured.PythonException: 
  An exception was thrown from the Python worker. Please see the stack trace below.
Traceback (most recent call last):
  File "/home/anhkhoa/.venv/lib/python3.10/site-packages/pyspark/python/lib/pyspark.zip/pyspark/worker.py", line 1247, in main
    process()
  File "/home/anhkhoa/.venv/lib/python3.10/site-packages/pyspark/python/lib/pyspark.zip/pyspark/worker.py", line 1239, in process
    serializer.dump_stream(out_iter, outfile)
  File "/home/anhkhoa/.venv/lib/python3.10/site-packages/pyspark/python/lib/pyspark.zip/pyspark/sql/pandas/serializers.py", line 470, in dump_stream
    return ArrowStreamSerializer.dump_stream(self, init_stream_yield_batches(), stream)
  File "/home/anhkhoa/.venv/lib/python3.10/site-packages/pyspark/python/lib/pyspark.zip/pyspark/sql/pandas/serializers.py", line 100, in dump_stream
    for batch in iterator:
  File "/home/anhkhoa/.venv/lib/python3.10/site-packages/pyspark/python/lib/pyspark.zip/pyspark/sql/pandas/serializers.py", line 464, in init_stream_yield_batches
    batch = self._create_batch(series)
  File "/home/anhkhoa/.venv/lib/python3.10/site-packages/pyspark/python/lib/pyspark.zip/pyspark/sql/pandas/serializers.py", line 450, in _create_batch
    arrs.append(self._create_array(s, t, arrow_cast=self._arrow_cast))
  File "/home/anhkhoa/.venv/lib/python3.10/site-packages/pyspark/python/lib/pyspark.zip/pyspark/sql/pandas/serializers.py", line 224, in _create_array
    if is_categorical_dtype(series.dtype):
AttributeError: 'list' object has no attribute 'dtype'

2025-07-11 17:19:41,877 [INFO] Closing down clientserver connection
2025-07-11 17:24:00,527 [INFO] ✅ Spark connection created successfully.
2025-07-11 17:24:18,747 [INFO] ✅ Selection dataframe created from Kafka stream
2025-07-11 17:24:24,327 [ERROR] Could not create cassandra connection due to getaddrinfo() argument 1 must be string or None
2025-07-11 17:24:25,167 [INFO] Callback Server Starting
2025-07-11 17:24:25,175 [INFO] Socket listening on ('127.0.0.1', 33981)
2025-07-11 17:24:27,121 [INFO] ✅ Streaming started with foreachBatch.
2025-07-11 17:29:24,588 [INFO] ✅ Spark connection created successfully.
2025-07-11 17:29:26,891 [INFO] ✅ Selection dataframe created from Kafka stream
2025-07-11 17:29:27,117 [ERROR] Could not create cassandra connection due to getaddrinfo() argument 1 must be string or None
2025-07-11 17:29:27,143 [INFO] Callback Server Starting
2025-07-11 17:29:27,144 [INFO] Socket listening on ('127.0.0.1', 42769)
2025-07-11 17:29:27,500 [INFO] ✅ Streaming started with foreachBatch.
2025-07-11 17:29:29,557 [INFO] Python Server ready to receive messages
2025-07-11 17:29:29,557 [INFO] Received command c on object id p0
2025-07-11 17:30:03,019 [ERROR] There was an exception while executing the Python Proxy on the Python Side.
Traceback (most recent call last):
  File "/home/anhkhoa/.venv/lib/python3.10/site-packages/py4j/clientserver.py", line 617, in _call_proxy
    return_value = getattr(self.pool[obj_id], method)(*params)
  File "/home/anhkhoa/.venv/lib/python3.10/site-packages/pyspark/sql/utils.py", line 120, in call
    raise e
  File "/home/anhkhoa/.venv/lib/python3.10/site-packages/pyspark/sql/utils.py", line 117, in call
    self.func(DataFrame(jdf, wrapped_session_jdf), batch_id)
  File "/home/anhkhoa/spark_video_streaming/src/inference.py", line 89, in <lambda>
    .foreachBatch(lambda batch_df, batch_id: process_batch(batch_df, batch_id, config))
  File "/home/anhkhoa/spark_video_streaming/src/inference.py", line 53, in process_batch
    video_feat = batch_df.select("video_feat").rdd.flatMap(lambda x: x).collect()
  File "/home/anhkhoa/.venv/lib/python3.10/site-packages/pyspark/rdd.py", line 1833, in collect
    sock_info = self.ctx._jvm.PythonRDD.collectAndServe(self._jrdd.rdd())
  File "/home/anhkhoa/.venv/lib/python3.10/site-packages/py4j/java_gateway.py", line 1322, in __call__
    return_value = get_return_value(
  File "/home/anhkhoa/.venv/lib/python3.10/site-packages/pyspark/errors/exceptions/captured.py", line 185, in deco
    raise converted from None
pyspark.errors.exceptions.captured.PythonException: 
  An exception was thrown from the Python worker. Please see the stack trace below.
Traceback (most recent call last):
  File "/home/anhkhoa/.venv/lib/python3.10/site-packages/pyspark/python/lib/pyspark.zip/pyspark/worker.py", line 1247, in main
    process()
  File "/home/anhkhoa/.venv/lib/python3.10/site-packages/pyspark/python/lib/pyspark.zip/pyspark/worker.py", line 1239, in process
    serializer.dump_stream(out_iter, outfile)
  File "/home/anhkhoa/.venv/lib/python3.10/site-packages/pyspark/python/lib/pyspark.zip/pyspark/sql/pandas/serializers.py", line 470, in dump_stream
    return ArrowStreamSerializer.dump_stream(self, init_stream_yield_batches(), stream)
  File "/home/anhkhoa/.venv/lib/python3.10/site-packages/pyspark/python/lib/pyspark.zip/pyspark/sql/pandas/serializers.py", line 100, in dump_stream
    for batch in iterator:
  File "/home/anhkhoa/.venv/lib/python3.10/site-packages/pyspark/python/lib/pyspark.zip/pyspark/sql/pandas/serializers.py", line 464, in init_stream_yield_batches
    batch = self._create_batch(series)
  File "/home/anhkhoa/.venv/lib/python3.10/site-packages/pyspark/python/lib/pyspark.zip/pyspark/sql/pandas/serializers.py", line 450, in _create_batch
    arrs.append(self._create_array(s, t, arrow_cast=self._arrow_cast))
  File "/home/anhkhoa/.venv/lib/python3.10/site-packages/pyspark/python/lib/pyspark.zip/pyspark/sql/pandas/serializers.py", line 224, in _create_array
    if is_categorical_dtype(series.dtype):
AttributeError: 'list' object has no attribute 'dtype'

2025-07-11 17:30:05,025 [INFO] Closing down clientserver connection
2025-07-11 17:32:27,954 [INFO] ✅ Spark connection created successfully.
2025-07-11 17:32:30,010 [INFO] ✅ Selection dataframe created from Kafka stream
2025-07-11 17:32:30,027 [ERROR] Could not create cassandra connection due to getaddrinfo() argument 1 must be string or None
2025-07-11 17:32:30,047 [INFO] Callback Server Starting
2025-07-11 17:32:30,048 [INFO] Socket listening on ('127.0.0.1', 38515)
2025-07-11 17:32:30,359 [INFO] ✅ Streaming started with foreachBatch.
2025-07-11 17:32:32,273 [INFO] Python Server ready to receive messages
2025-07-11 17:32:32,273 [INFO] Received command c on object id p0
2025-07-11 17:33:01,048 [ERROR] There was an exception while executing the Python Proxy on the Python Side.
Traceback (most recent call last):
  File "/home/anhkhoa/.venv/lib/python3.10/site-packages/py4j/clientserver.py", line 617, in _call_proxy
    return_value = getattr(self.pool[obj_id], method)(*params)
  File "/home/anhkhoa/.venv/lib/python3.10/site-packages/pyspark/sql/utils.py", line 120, in call
    raise e
  File "/home/anhkhoa/.venv/lib/python3.10/site-packages/pyspark/sql/utils.py", line 117, in call
    self.func(DataFrame(jdf, wrapped_session_jdf), batch_id)
  File "/home/anhkhoa/spark_video_streaming/src/inference.py", line 89, in <lambda>
    .foreachBatch(lambda batch_df, batch_id: process_batch(batch_df, batch_id, config))
  File "/home/anhkhoa/spark_video_streaming/src/inference.py", line 53, in process_batch
    video_feat = batch_df.select("video_feat").rdd.flatMap(lambda x: x).collect()
  File "/home/anhkhoa/.venv/lib/python3.10/site-packages/pyspark/rdd.py", line 1833, in collect
    sock_info = self.ctx._jvm.PythonRDD.collectAndServe(self._jrdd.rdd())
  File "/home/anhkhoa/.venv/lib/python3.10/site-packages/py4j/java_gateway.py", line 1322, in __call__
    return_value = get_return_value(
  File "/home/anhkhoa/.venv/lib/python3.10/site-packages/pyspark/errors/exceptions/captured.py", line 185, in deco
    raise converted from None
pyspark.errors.exceptions.captured.PythonException: 
  An exception was thrown from the Python worker. Please see the stack trace below.
Traceback (most recent call last):
  File "/home/anhkhoa/.venv/lib/python3.10/site-packages/pyspark/python/lib/pyspark.zip/pyspark/worker.py", line 1247, in main
    process()
  File "/home/anhkhoa/.venv/lib/python3.10/site-packages/pyspark/python/lib/pyspark.zip/pyspark/worker.py", line 1239, in process
    serializer.dump_stream(out_iter, outfile)
  File "/home/anhkhoa/.venv/lib/python3.10/site-packages/pyspark/python/lib/pyspark.zip/pyspark/sql/pandas/serializers.py", line 470, in dump_stream
    return ArrowStreamSerializer.dump_stream(self, init_stream_yield_batches(), stream)
  File "/home/anhkhoa/.venv/lib/python3.10/site-packages/pyspark/python/lib/pyspark.zip/pyspark/sql/pandas/serializers.py", line 100, in dump_stream
    for batch in iterator:
  File "/home/anhkhoa/.venv/lib/python3.10/site-packages/pyspark/python/lib/pyspark.zip/pyspark/sql/pandas/serializers.py", line 464, in init_stream_yield_batches
    batch = self._create_batch(series)
  File "/home/anhkhoa/.venv/lib/python3.10/site-packages/pyspark/python/lib/pyspark.zip/pyspark/sql/pandas/serializers.py", line 450, in _create_batch
    arrs.append(self._create_array(s, t, arrow_cast=self._arrow_cast))
  File "/home/anhkhoa/.venv/lib/python3.10/site-packages/pyspark/python/lib/pyspark.zip/pyspark/sql/pandas/serializers.py", line 224, in _create_array
    if is_categorical_dtype(series.dtype):
AttributeError: 'list' object has no attribute 'dtype'

2025-07-11 17:33:01,565 [INFO] Closing down clientserver connection
2025-07-11 17:34:48,634 [INFO] ✅ Spark connection created successfully.
2025-07-11 17:34:50,696 [INFO] ✅ Selection dataframe created from Kafka stream
2025-07-11 17:34:50,704 [ERROR] Could not create cassandra connection due to getaddrinfo() argument 1 must be string or None
2025-07-11 17:34:50,725 [INFO] Callback Server Starting
2025-07-11 17:34:50,725 [INFO] Socket listening on ('127.0.0.1', 46267)
2025-07-11 17:34:50,986 [INFO] ✅ Streaming started with foreachBatch.
2025-07-11 17:34:52,810 [INFO] Python Server ready to receive messages
2025-07-11 17:34:52,811 [INFO] Received command c on object id p0
2025-07-11 17:35:19,149 [ERROR] There was an exception while executing the Python Proxy on the Python Side.
Traceback (most recent call last):
  File "/home/anhkhoa/.venv/lib/python3.10/site-packages/py4j/clientserver.py", line 617, in _call_proxy
    return_value = getattr(self.pool[obj_id], method)(*params)
  File "/home/anhkhoa/.venv/lib/python3.10/site-packages/pyspark/sql/utils.py", line 120, in call
    raise e
  File "/home/anhkhoa/.venv/lib/python3.10/site-packages/pyspark/sql/utils.py", line 117, in call
    self.func(DataFrame(jdf, wrapped_session_jdf), batch_id)
  File "/home/anhkhoa/spark_video_streaming/src/inference.py", line 89, in <lambda>
    .foreachBatch(lambda batch_df, batch_id: process_batch(batch_df, batch_id, config))
  File "/home/anhkhoa/spark_video_streaming/src/inference.py", line 53, in process_batch
    video_feat = batch_df.select("video_feat").rdd.flatMap(lambda x: x).collect()
  File "/home/anhkhoa/.venv/lib/python3.10/site-packages/pyspark/rdd.py", line 1833, in collect
    sock_info = self.ctx._jvm.PythonRDD.collectAndServe(self._jrdd.rdd())
  File "/home/anhkhoa/.venv/lib/python3.10/site-packages/py4j/java_gateway.py", line 1322, in __call__
    return_value = get_return_value(
  File "/home/anhkhoa/.venv/lib/python3.10/site-packages/pyspark/errors/exceptions/captured.py", line 185, in deco
    raise converted from None
pyspark.errors.exceptions.captured.PythonException: 
  An exception was thrown from the Python worker. Please see the stack trace below.
Traceback (most recent call last):
  File "/home/anhkhoa/.venv/lib/python3.10/site-packages/pyspark/python/lib/pyspark.zip/pyspark/worker.py", line 1247, in main
    process()
  File "/home/anhkhoa/.venv/lib/python3.10/site-packages/pyspark/python/lib/pyspark.zip/pyspark/worker.py", line 1239, in process
    serializer.dump_stream(out_iter, outfile)
  File "/home/anhkhoa/.venv/lib/python3.10/site-packages/pyspark/python/lib/pyspark.zip/pyspark/sql/pandas/serializers.py", line 470, in dump_stream
    return ArrowStreamSerializer.dump_stream(self, init_stream_yield_batches(), stream)
  File "/home/anhkhoa/.venv/lib/python3.10/site-packages/pyspark/python/lib/pyspark.zip/pyspark/sql/pandas/serializers.py", line 100, in dump_stream
    for batch in iterator:
  File "/home/anhkhoa/.venv/lib/python3.10/site-packages/pyspark/python/lib/pyspark.zip/pyspark/sql/pandas/serializers.py", line 464, in init_stream_yield_batches
    batch = self._create_batch(series)
  File "/home/anhkhoa/.venv/lib/python3.10/site-packages/pyspark/python/lib/pyspark.zip/pyspark/sql/pandas/serializers.py", line 450, in _create_batch
    arrs.append(self._create_array(s, t, arrow_cast=self._arrow_cast))
  File "/home/anhkhoa/.venv/lib/python3.10/site-packages/pyspark/python/lib/pyspark.zip/pyspark/sql/pandas/serializers.py", line 224, in _create_array
    if is_categorical_dtype(series.dtype):
AttributeError: 'list' object has no attribute 'dtype'

2025-07-11 17:35:19,588 [INFO] Closing down clientserver connection
2025-07-11 17:37:08,232 [INFO] ✅ Spark connection created successfully.
2025-07-11 17:37:10,279 [INFO] ✅ Selection dataframe created from Kafka stream
2025-07-11 17:37:10,288 [ERROR] Could not create cassandra connection due to getaddrinfo() argument 1 must be string or None
2025-07-11 17:37:10,307 [INFO] Callback Server Starting
2025-07-11 17:37:10,308 [INFO] Socket listening on ('127.0.0.1', 46083)
2025-07-11 17:37:10,587 [INFO] ✅ Streaming started with foreachBatch.
2025-07-11 17:37:12,430 [INFO] Python Server ready to receive messages
2025-07-11 17:37:12,430 [INFO] Received command c on object id p0
2025-07-11 17:37:40,291 [ERROR] There was an exception while executing the Python Proxy on the Python Side.
Traceback (most recent call last):
  File "/home/anhkhoa/.venv/lib/python3.10/site-packages/py4j/clientserver.py", line 617, in _call_proxy
    return_value = getattr(self.pool[obj_id], method)(*params)
  File "/home/anhkhoa/.venv/lib/python3.10/site-packages/pyspark/sql/utils.py", line 120, in call
    raise e
  File "/home/anhkhoa/.venv/lib/python3.10/site-packages/pyspark/sql/utils.py", line 117, in call
    self.func(DataFrame(jdf, wrapped_session_jdf), batch_id)
  File "/home/anhkhoa/spark_video_streaming/src/inference.py", line 89, in <lambda>
    .foreachBatch(lambda batch_df, batch_id: process_batch(batch_df, batch_id, config))
  File "/home/anhkhoa/spark_video_streaming/src/inference.py", line 53, in process_batch
    video_feat = batch_df.select("video_feat").rdd.flatMap(lambda x: x).collect()
  File "/home/anhkhoa/.venv/lib/python3.10/site-packages/pyspark/rdd.py", line 1833, in collect
    sock_info = self.ctx._jvm.PythonRDD.collectAndServe(self._jrdd.rdd())
  File "/home/anhkhoa/.venv/lib/python3.10/site-packages/py4j/java_gateway.py", line 1322, in __call__
    return_value = get_return_value(
  File "/home/anhkhoa/.venv/lib/python3.10/site-packages/pyspark/errors/exceptions/captured.py", line 185, in deco
    raise converted from None
pyspark.errors.exceptions.captured.PythonException: 
  An exception was thrown from the Python worker. Please see the stack trace below.
Traceback (most recent call last):
  File "/home/anhkhoa/.venv/lib/python3.10/site-packages/pyspark/python/lib/pyspark.zip/pyspark/sql/pandas/serializers.py", line 241, in _create_array
    return pa.Array.from_pandas(
  File "pyarrow/array.pxi", line 1128, in pyarrow.lib.Array.from_pandas
  File "pyarrow/array.pxi", line 362, in pyarrow.lib.array
  File "pyarrow/array.pxi", line 87, in pyarrow.lib._ndarray_to_array
  File "pyarrow/error.pxi", line 92, in pyarrow.lib.check_status
pyarrow.lib.ArrowInvalid: Could not convert [0.0, 0.0, 0.0, 0.0, 0.0, 0.0, 0.0, 0.0, 0.0, 0.0, 0.0, 0.0, 0.0, 0.0, 0.0, 0.0, 0.0, 0.0, 0.0, 0.0, 0.0, 0.0, 0.0, 0.0, 0.0, 0.0, 0.0, 0.0, 0.0, 0.0, 0.0, 0.0, 0.0, 0.0, 0.0, 0.0, 0.0, 0.0, 0.0, 0.0, 0.0, 0.0, 0.0, 0.0, 0.0, 0.0, 0.0, 0.0, 0.0, 0.0, 0.0, 0.0, 0.0, 0.0, 0.0, 0.0, 0.0, 0.0, 0.0, 0.0, 0.0, 0.0, 0.0, 0.0, 0.0, 0.0, 0.0, 0.0, 0.0, 0.0, 0.0, 0.0, 0.0, 0.0, 0.0, 0.0, 0.0, 0.0, 0.0, 0.0, 0.0, 0.0, 0.0, 0.0, 0.0, 0.0, 0.0, 0.0, 0.0, 0.0, 0.0, 0.0, 0.0, 0.0, 0.0, 0.0, 0.0, 0.0, 0.0, 0.0, 0.0, 0.0, 0.0, 0.0, 0.0, 0.0, 0.0, 0.0, 0.0, 0.0, 0.0, 0.0] with type list: tried to convert to float32

The above exception was the direct cause of the following exception:

Traceback (most recent call last):
  File "/home/anhkhoa/.venv/lib/python3.10/site-packages/pyspark/python/lib/pyspark.zip/pyspark/worker.py", line 1247, in main
    process()
  File "/home/anhkhoa/.venv/lib/python3.10/site-packages/pyspark/python/lib/pyspark.zip/pyspark/worker.py", line 1239, in process
    serializer.dump_stream(out_iter, outfile)
  File "/home/anhkhoa/.venv/lib/python3.10/site-packages/pyspark/python/lib/pyspark.zip/pyspark/sql/pandas/serializers.py", line 470, in dump_stream
    return ArrowStreamSerializer.dump_stream(self, init_stream_yield_batches(), stream)
  File "/home/anhkhoa/.venv/lib/python3.10/site-packages/pyspark/python/lib/pyspark.zip/pyspark/sql/pandas/serializers.py", line 100, in dump_stream
    for batch in iterator:
  File "/home/anhkhoa/.venv/lib/python3.10/site-packages/pyspark/python/lib/pyspark.zip/pyspark/sql/pandas/serializers.py", line 464, in init_stream_yield_batches
    batch = self._create_batch(series)
  File "/home/anhkhoa/.venv/lib/python3.10/site-packages/pyspark/python/lib/pyspark.zip/pyspark/sql/pandas/serializers.py", line 450, in _create_batch
    arrs.append(self._create_array(s, t, arrow_cast=self._arrow_cast))
  File "/home/anhkhoa/.venv/lib/python3.10/site-packages/pyspark/python/lib/pyspark.zip/pyspark/sql/pandas/serializers.py", line 269, in _create_array
    raise PySparkValueError(error_msg % (series.dtype, series.name, arrow_type)) from e
pyspark.errors.exceptions.base.PySparkValueError: Exception thrown when converting pandas.Series (object) with name 'None' to Arrow Array (list<element: list<element: list<element: float>>>).

2025-07-11 17:37:40,760 [INFO] Closing down clientserver connection
2025-07-11 17:40:16,145 [INFO] ✅ Spark connection created successfully.
2025-07-11 17:40:18,264 [INFO] ✅ Selection dataframe created from Kafka stream
2025-07-11 17:40:18,270 [ERROR] Could not create cassandra connection due to getaddrinfo() argument 1 must be string or None
2025-07-11 17:40:18,289 [INFO] Callback Server Starting
2025-07-11 17:40:18,289 [INFO] Socket listening on ('127.0.0.1', 41901)
2025-07-11 17:40:18,584 [INFO] ✅ Streaming started with foreachBatch.
2025-07-11 17:40:20,516 [INFO] Python Server ready to receive messages
2025-07-11 17:40:20,516 [INFO] Received command c on object id p0
2025-07-11 17:40:47,275 [ERROR] There was an exception while executing the Python Proxy on the Python Side.
Traceback (most recent call last):
  File "/home/anhkhoa/.venv/lib/python3.10/site-packages/py4j/clientserver.py", line 617, in _call_proxy
    return_value = getattr(self.pool[obj_id], method)(*params)
  File "/home/anhkhoa/.venv/lib/python3.10/site-packages/pyspark/sql/utils.py", line 120, in call
    raise e
  File "/home/anhkhoa/.venv/lib/python3.10/site-packages/pyspark/sql/utils.py", line 117, in call
    self.func(DataFrame(jdf, wrapped_session_jdf), batch_id)
  File "/home/anhkhoa/spark_video_streaming/src/inference.py", line 89, in <lambda>
    .foreachBatch(lambda batch_df, batch_id: process_batch(batch_df, batch_id, config))
  File "/home/anhkhoa/spark_video_streaming/src/inference.py", line 53, in process_batch
    video_feat = batch_df.select("video_feat").rdd.flatMap(lambda x: x).collect()
  File "/home/anhkhoa/.venv/lib/python3.10/site-packages/pyspark/rdd.py", line 1833, in collect
    sock_info = self.ctx._jvm.PythonRDD.collectAndServe(self._jrdd.rdd())
  File "/home/anhkhoa/.venv/lib/python3.10/site-packages/py4j/java_gateway.py", line 1322, in __call__
    return_value = get_return_value(
  File "/home/anhkhoa/.venv/lib/python3.10/site-packages/pyspark/errors/exceptions/captured.py", line 185, in deco
    raise converted from None
pyspark.errors.exceptions.captured.PythonException: 
  An exception was thrown from the Python worker. Please see the stack trace below.
Traceback (most recent call last):
  File "/home/anhkhoa/.venv/lib/python3.10/site-packages/pyspark/python/lib/pyspark.zip/pyspark/sql/pandas/serializers.py", line 241, in _create_array
    return pa.Array.from_pandas(
  File "pyarrow/array.pxi", line 1128, in pyarrow.lib.Array.from_pandas
  File "pyarrow/array.pxi", line 362, in pyarrow.lib.array
  File "pyarrow/array.pxi", line 87, in pyarrow.lib._ndarray_to_array
  File "pyarrow/error.pxi", line 92, in pyarrow.lib.check_status
pyarrow.lib.ArrowInvalid: Could not convert [0.0, 0.0, 0.0, 0.0, 0.0, 0.0, 0.0, 0.0, 0.0, 0.0, 0.0, 0.0, 0.0, 0.0, 0.0, 0.0, 0.0, 0.0, 0.0, 0.0, 0.0, 0.0, 0.0, 0.0, 0.0, 0.0, 0.0, 0.0, 0.0, 0.0, 0.0, 0.0, 0.0, 0.0, 0.0, 0.0, 0.0, 0.0, 0.0, 0.0, 0.0, 0.0, 0.0, 0.0, 0.0, 0.0, 0.0, 0.0, 0.0, 0.0, 0.0, 0.0, 0.0, 0.0, 0.0, 0.0, 0.0, 0.0, 0.0, 0.0, 0.0, 0.0, 0.0, 0.0, 0.0, 0.0, 0.0, 0.0, 0.0, 0.0, 0.0, 0.0, 0.0, 0.0, 0.0, 0.0, 0.0, 0.0, 0.0, 0.0, 0.0, 0.0, 0.0, 0.0, 0.0, 0.0, 0.0, 0.0, 0.0, 0.0, 0.0, 0.0, 0.0, 0.0, 0.0, 0.0, 0.0, 0.0, 0.0, 0.0, 0.0, 0.0, 0.0, 0.0, 0.0, 0.0, 0.0, 0.0, 0.0, 0.0, 0.0, 0.0] with type list: tried to convert to float32

The above exception was the direct cause of the following exception:

Traceback (most recent call last):
  File "/home/anhkhoa/.venv/lib/python3.10/site-packages/pyspark/python/lib/pyspark.zip/pyspark/worker.py", line 1247, in main
    process()
  File "/home/anhkhoa/.venv/lib/python3.10/site-packages/pyspark/python/lib/pyspark.zip/pyspark/worker.py", line 1239, in process
    serializer.dump_stream(out_iter, outfile)
  File "/home/anhkhoa/.venv/lib/python3.10/site-packages/pyspark/python/lib/pyspark.zip/pyspark/sql/pandas/serializers.py", line 470, in dump_stream
    return ArrowStreamSerializer.dump_stream(self, init_stream_yield_batches(), stream)
  File "/home/anhkhoa/.venv/lib/python3.10/site-packages/pyspark/python/lib/pyspark.zip/pyspark/sql/pandas/serializers.py", line 100, in dump_stream
    for batch in iterator:
  File "/home/anhkhoa/.venv/lib/python3.10/site-packages/pyspark/python/lib/pyspark.zip/pyspark/sql/pandas/serializers.py", line 464, in init_stream_yield_batches
    batch = self._create_batch(series)
  File "/home/anhkhoa/.venv/lib/python3.10/site-packages/pyspark/python/lib/pyspark.zip/pyspark/sql/pandas/serializers.py", line 450, in _create_batch
    arrs.append(self._create_array(s, t, arrow_cast=self._arrow_cast))
  File "/home/anhkhoa/.venv/lib/python3.10/site-packages/pyspark/python/lib/pyspark.zip/pyspark/sql/pandas/serializers.py", line 269, in _create_array
    raise PySparkValueError(error_msg % (series.dtype, series.name, arrow_type)) from e
pyspark.errors.exceptions.base.PySparkValueError: Exception thrown when converting pandas.Series (object) with name 'None' to Arrow Array (list<element: list<element: list<element: float>>>).

2025-07-11 17:40:47,831 [INFO] Closing down clientserver connection
2025-07-11 17:45:31,752 [INFO] ✅ Spark connection created successfully.
2025-07-11 17:45:33,732 [INFO] ✅ Selection dataframe created from Kafka stream
2025-07-11 17:45:33,748 [ERROR] Could not create cassandra connection due to getaddrinfo() argument 1 must be string or None
2025-07-11 17:45:33,769 [INFO] Callback Server Starting
2025-07-11 17:45:33,770 [INFO] Socket listening on ('127.0.0.1', 37339)
2025-07-11 17:45:34,074 [INFO] ✅ Streaming started with foreachBatch.
2025-07-11 17:45:36,062 [INFO] Python Server ready to receive messages
2025-07-11 17:45:36,062 [INFO] Received command c on object id p0
2025-07-11 17:48:29,972 [INFO] ✅ Spark connection created successfully.
2025-07-11 17:48:31,829 [INFO] ✅ Selection dataframe created from Kafka stream
2025-07-11 17:48:31,835 [ERROR] Could not create cassandra connection due to getaddrinfo() argument 1 must be string or None
2025-07-11 17:48:31,851 [INFO] Callback Server Starting
2025-07-11 17:48:31,852 [INFO] Socket listening on ('127.0.0.1', 40563)
2025-07-11 17:48:32,105 [INFO] ✅ Streaming started with foreachBatch.
2025-07-11 17:50:47,549 [INFO] Closing down clientserver connection
2025-07-11 17:51:57,225 [INFO] ✅ Spark connection created successfully.
2025-07-11 17:51:59,322 [INFO] ✅ Selection dataframe created from Kafka stream
2025-07-11 17:51:59,341 [ERROR] Could not create cassandra connection due to getaddrinfo() argument 1 must be string or None
2025-07-11 17:51:59,360 [INFO] Callback Server Starting
2025-07-11 17:51:59,361 [INFO] Socket listening on ('127.0.0.1', 36297)
2025-07-11 17:51:59,713 [INFO] ✅ Streaming started with foreachBatch.
2025-07-11 17:52:01,644 [INFO] Python Server ready to receive messages
2025-07-11 17:52:01,646 [INFO] Received command c on object id p0
2025-07-11 17:56:05,087 [INFO] ✅ Spark connection created successfully.
2025-07-11 17:56:07,090 [INFO] ✅ Selection dataframe created from Kafka stream
2025-07-11 17:56:07,107 [ERROR] Could not create cassandra connection due to getaddrinfo() argument 1 must be string or None
2025-07-11 17:56:07,125 [INFO] Callback Server Starting
2025-07-11 17:56:07,126 [INFO] Socket listening on ('127.0.0.1', 44251)
2025-07-11 17:56:07,436 [INFO] ✅ Streaming started with foreachBatch.
2025-07-11 17:56:09,642 [INFO] Python Server ready to receive messages
2025-07-11 17:56:09,642 [INFO] Received command c on object id p0
2025-07-11 18:00:28,303 [INFO] ✅ Spark connection created successfully.
2025-07-11 18:00:30,812 [INFO] ✅ Selection dataframe created from Kafka stream
2025-07-11 18:00:30,828 [ERROR] Could not create cassandra connection due to getaddrinfo() argument 1 must be string or None
2025-07-11 18:00:30,852 [INFO] Callback Server Starting
2025-07-11 18:00:30,853 [INFO] Socket listening on ('127.0.0.1', 45083)
2025-07-11 18:00:31,165 [INFO] ✅ Streaming started with foreachBatch.
2025-07-11 18:01:42,479 [INFO] Error while receiving.
Traceback (most recent call last):
  File "/home/anhkhoa/.venv/lib/python3.10/site-packages/py4j/clientserver.py", line 511, in send_command
    answer = smart_decode(self.stream.readline()[:-1])
RuntimeError: reentrant call inside <_io.BufferedReader name=10>
2025-07-11 18:01:42,482 [INFO] Closing down clientserver connection
2025-07-11 18:01:42,483 [ERROR] Exception while sending command.
Traceback (most recent call last):
  File "/home/anhkhoa/.venv/lib/python3.10/site-packages/py4j/clientserver.py", line 511, in send_command
    answer = smart_decode(self.stream.readline()[:-1])
RuntimeError: reentrant call inside <_io.BufferedReader name=10>

During handling of the above exception, another exception occurred:

Traceback (most recent call last):
  File "/home/anhkhoa/.venv/lib/python3.10/site-packages/py4j/java_gateway.py", line 1038, in send_command
    response = connection.send_command(command)
  File "/home/anhkhoa/.venv/lib/python3.10/site-packages/py4j/clientserver.py", line 539, in send_command
    raise Py4JNetworkError(
py4j.protocol.Py4JNetworkError: Error while sending or receiving
2025-07-11 18:01:42,487 [INFO] Error while receiving.
Traceback (most recent call last):
  File "/home/anhkhoa/.venv/lib/python3.10/site-packages/py4j/clientserver.py", line 511, in send_command
    answer = smart_decode(self.stream.readline()[:-1])
  File "/usr/lib/python3.10/socket.py", line 705, in readinto
    return self._sock.recv_into(b)
  File "/home/anhkhoa/.venv/lib/python3.10/site-packages/pyspark/context.py", line 381, in signal_handler
    self.cancelAllJobs()
  File "/home/anhkhoa/.venv/lib/python3.10/site-packages/pyspark/context.py", line 2446, in cancelAllJobs
    self._jsc.sc().cancelAllJobs()
  File "/home/anhkhoa/.venv/lib/python3.10/site-packages/py4j/java_gateway.py", line 1322, in __call__
    return_value = get_return_value(
  File "/home/anhkhoa/.venv/lib/python3.10/site-packages/pyspark/errors/exceptions/captured.py", line 179, in deco
    return f(*a, **kw)
  File "/home/anhkhoa/.venv/lib/python3.10/site-packages/py4j/protocol.py", line 334, in get_return_value
    raise Py4JError(
py4j.protocol.Py4JError: An error occurred while calling o30.sc
2025-07-11 18:01:42,492 [INFO] Closing down clientserver connection
2025-07-11 18:01:42,492 [ERROR] Exception while sending command.
Traceback (most recent call last):
  File "/home/anhkhoa/.venv/lib/python3.10/site-packages/py4j/clientserver.py", line 511, in send_command
    answer = smart_decode(self.stream.readline()[:-1])
  File "/usr/lib/python3.10/socket.py", line 705, in readinto
    return self._sock.recv_into(b)
  File "/home/anhkhoa/.venv/lib/python3.10/site-packages/pyspark/context.py", line 381, in signal_handler
    self.cancelAllJobs()
  File "/home/anhkhoa/.venv/lib/python3.10/site-packages/pyspark/context.py", line 2446, in cancelAllJobs
    self._jsc.sc().cancelAllJobs()
  File "/home/anhkhoa/.venv/lib/python3.10/site-packages/py4j/java_gateway.py", line 1322, in __call__
    return_value = get_return_value(
  File "/home/anhkhoa/.venv/lib/python3.10/site-packages/pyspark/errors/exceptions/captured.py", line 179, in deco
    return f(*a, **kw)
  File "/home/anhkhoa/.venv/lib/python3.10/site-packages/py4j/protocol.py", line 334, in get_return_value
    raise Py4JError(
py4j.protocol.Py4JError: An error occurred while calling o30.sc

During handling of the above exception, another exception occurred:

Traceback (most recent call last):
  File "/home/anhkhoa/.venv/lib/python3.10/site-packages/py4j/java_gateway.py", line 1038, in send_command
    response = connection.send_command(command)
  File "/home/anhkhoa/.venv/lib/python3.10/site-packages/py4j/clientserver.py", line 539, in send_command
    raise Py4JNetworkError(
py4j.protocol.Py4JNetworkError: Error while sending or receiving
2025-07-11 18:01:42,492 [INFO] Closing down clientserver connection
2025-07-11 18:01:42,778 [INFO] Closing down clientserver connection
2025-07-11 18:02:23,896 [INFO] ✅ Spark connection created successfully.
2025-07-11 18:02:24,863 [INFO] ✅ Selection dataframe created from Kafka stream
2025-07-11 18:02:24,869 [ERROR] Could not create cassandra connection due to getaddrinfo() argument 1 must be string or None
2025-07-11 18:02:24,901 [INFO] Callback Server Starting
2025-07-11 18:02:24,902 [INFO] Socket listening on ('127.0.0.1', 38129)
2025-07-11 18:02:25,265 [INFO] ✅ Streaming started with foreachBatch.
2025-07-11 18:02:27,417 [INFO] Python Server ready to receive messages
2025-07-11 18:02:27,418 [INFO] Received command c on object id p0
2025-07-11 18:04:02,703 [INFO] Error while receiving.
Traceback (most recent call last):
  File "/home/anhkhoa/.venv/lib/python3.10/site-packages/py4j/clientserver.py", line 511, in send_command
    answer = smart_decode(self.stream.readline()[:-1])
RuntimeError: reentrant call inside <_io.BufferedReader name=10>
2025-07-11 18:04:02,864 [INFO] Closing down clientserver connection
2025-07-11 18:04:02,866 [ERROR] Exception while sending command.
Traceback (most recent call last):
  File "/home/anhkhoa/.venv/lib/python3.10/site-packages/py4j/clientserver.py", line 511, in send_command
    answer = smart_decode(self.stream.readline()[:-1])
RuntimeError: reentrant call inside <_io.BufferedReader name=10>

During handling of the above exception, another exception occurred:

Traceback (most recent call last):
  File "/home/anhkhoa/.venv/lib/python3.10/site-packages/py4j/java_gateway.py", line 1038, in send_command
    response = connection.send_command(command)
  File "/home/anhkhoa/.venv/lib/python3.10/site-packages/py4j/clientserver.py", line 539, in send_command
    raise Py4JNetworkError(
py4j.protocol.Py4JNetworkError: Error while sending or receiving
2025-07-11 18:04:02,872 [INFO] Error while receiving.
Traceback (most recent call last):
  File "/home/anhkhoa/.venv/lib/python3.10/site-packages/py4j/clientserver.py", line 511, in send_command
    answer = smart_decode(self.stream.readline()[:-1])
  File "/usr/lib/python3.10/socket.py", line 705, in readinto
    return self._sock.recv_into(b)
  File "/home/anhkhoa/.venv/lib/python3.10/site-packages/pyspark/context.py", line 381, in signal_handler
    self.cancelAllJobs()
  File "/home/anhkhoa/.venv/lib/python3.10/site-packages/pyspark/context.py", line 2446, in cancelAllJobs
    self._jsc.sc().cancelAllJobs()
  File "/home/anhkhoa/.venv/lib/python3.10/site-packages/py4j/java_gateway.py", line 1322, in __call__
    return_value = get_return_value(
  File "/home/anhkhoa/.venv/lib/python3.10/site-packages/pyspark/errors/exceptions/captured.py", line 179, in deco
    return f(*a, **kw)
  File "/home/anhkhoa/.venv/lib/python3.10/site-packages/py4j/protocol.py", line 334, in get_return_value
    raise Py4JError(
py4j.protocol.Py4JError: An error occurred while calling o30.sc
2025-07-11 18:04:02,880 [INFO] Closing down clientserver connection
2025-07-11 18:04:02,880 [ERROR] Exception while sending command.
Traceback (most recent call last):
  File "/home/anhkhoa/.venv/lib/python3.10/site-packages/py4j/clientserver.py", line 511, in send_command
    answer = smart_decode(self.stream.readline()[:-1])
  File "/usr/lib/python3.10/socket.py", line 705, in readinto
    return self._sock.recv_into(b)
  File "/home/anhkhoa/.venv/lib/python3.10/site-packages/pyspark/context.py", line 381, in signal_handler
    self.cancelAllJobs()
  File "/home/anhkhoa/.venv/lib/python3.10/site-packages/pyspark/context.py", line 2446, in cancelAllJobs
    self._jsc.sc().cancelAllJobs()
  File "/home/anhkhoa/.venv/lib/python3.10/site-packages/py4j/java_gateway.py", line 1322, in __call__
    return_value = get_return_value(
  File "/home/anhkhoa/.venv/lib/python3.10/site-packages/pyspark/errors/exceptions/captured.py", line 179, in deco
    return f(*a, **kw)
  File "/home/anhkhoa/.venv/lib/python3.10/site-packages/py4j/protocol.py", line 334, in get_return_value
    raise Py4JError(
py4j.protocol.Py4JError: An error occurred while calling o30.sc

During handling of the above exception, another exception occurred:

Traceback (most recent call last):
  File "/home/anhkhoa/.venv/lib/python3.10/site-packages/py4j/java_gateway.py", line 1038, in send_command
    response = connection.send_command(command)
  File "/home/anhkhoa/.venv/lib/python3.10/site-packages/py4j/clientserver.py", line 539, in send_command
    raise Py4JNetworkError(
py4j.protocol.Py4JNetworkError: Error while sending or receiving
2025-07-11 18:04:02,881 [INFO] Closing down clientserver connection
2025-07-11 18:04:04,477 [INFO] Closing down clientserver connection
2025-07-11 18:12:14,859 [INFO] ✅ Spark connection created successfully.
2025-07-11 18:12:16,902 [INFO] ✅ Selection dataframe created from Kafka stream
2025-07-11 18:12:16,916 [ERROR] Could not create cassandra connection due to getaddrinfo() argument 1 must be string or None
2025-07-11 18:12:16,937 [INFO] Callback Server Starting
2025-07-11 18:12:16,938 [INFO] Socket listening on ('127.0.0.1', 44955)
2025-07-11 18:12:17,245 [INFO] ✅ Streaming started with foreachBatch.
2025-07-11 18:13:55,993 [INFO] Error while receiving.
Traceback (most recent call last):
  File "/home/anhkhoa/.venv/lib/python3.10/site-packages/py4j/clientserver.py", line 511, in send_command
    answer = smart_decode(self.stream.readline()[:-1])
RuntimeError: reentrant call inside <_io.BufferedReader name=10>
2025-07-11 18:13:56,061 [INFO] Closing down clientserver connection
2025-07-11 18:13:56,061 [ERROR] Exception while sending command.
Traceback (most recent call last):
  File "/home/anhkhoa/.venv/lib/python3.10/site-packages/py4j/clientserver.py", line 511, in send_command
    answer = smart_decode(self.stream.readline()[:-1])
RuntimeError: reentrant call inside <_io.BufferedReader name=10>

During handling of the above exception, another exception occurred:

Traceback (most recent call last):
  File "/home/anhkhoa/.venv/lib/python3.10/site-packages/py4j/java_gateway.py", line 1038, in send_command
    response = connection.send_command(command)
  File "/home/anhkhoa/.venv/lib/python3.10/site-packages/py4j/clientserver.py", line 539, in send_command
    raise Py4JNetworkError(
py4j.protocol.Py4JNetworkError: Error while sending or receiving
2025-07-11 18:13:56,063 [INFO] Error while receiving.
Traceback (most recent call last):
  File "/home/anhkhoa/.venv/lib/python3.10/site-packages/py4j/clientserver.py", line 511, in send_command
    answer = smart_decode(self.stream.readline()[:-1])
  File "/usr/lib/python3.10/socket.py", line 705, in readinto
    return self._sock.recv_into(b)
  File "/home/anhkhoa/.venv/lib/python3.10/site-packages/pyspark/context.py", line 381, in signal_handler
    self.cancelAllJobs()
  File "/home/anhkhoa/.venv/lib/python3.10/site-packages/pyspark/context.py", line 2446, in cancelAllJobs
    self._jsc.sc().cancelAllJobs()
  File "/home/anhkhoa/.venv/lib/python3.10/site-packages/py4j/java_gateway.py", line 1322, in __call__
    return_value = get_return_value(
  File "/home/anhkhoa/.venv/lib/python3.10/site-packages/pyspark/errors/exceptions/captured.py", line 179, in deco
    return f(*a, **kw)
  File "/home/anhkhoa/.venv/lib/python3.10/site-packages/py4j/protocol.py", line 334, in get_return_value
    raise Py4JError(
py4j.protocol.Py4JError: An error occurred while calling o30.sc
2025-07-11 18:13:56,065 [INFO] Closing down clientserver connection
2025-07-11 18:13:56,065 [ERROR] Exception while sending command.
Traceback (most recent call last):
  File "/home/anhkhoa/.venv/lib/python3.10/site-packages/py4j/clientserver.py", line 511, in send_command
    answer = smart_decode(self.stream.readline()[:-1])
  File "/usr/lib/python3.10/socket.py", line 705, in readinto
    return self._sock.recv_into(b)
  File "/home/anhkhoa/.venv/lib/python3.10/site-packages/pyspark/context.py", line 381, in signal_handler
    self.cancelAllJobs()
  File "/home/anhkhoa/.venv/lib/python3.10/site-packages/pyspark/context.py", line 2446, in cancelAllJobs
    self._jsc.sc().cancelAllJobs()
  File "/home/anhkhoa/.venv/lib/python3.10/site-packages/py4j/java_gateway.py", line 1322, in __call__
    return_value = get_return_value(
  File "/home/anhkhoa/.venv/lib/python3.10/site-packages/pyspark/errors/exceptions/captured.py", line 179, in deco
    return f(*a, **kw)
  File "/home/anhkhoa/.venv/lib/python3.10/site-packages/py4j/protocol.py", line 334, in get_return_value
    raise Py4JError(
py4j.protocol.Py4JError: An error occurred while calling o30.sc

During handling of the above exception, another exception occurred:

Traceback (most recent call last):
  File "/home/anhkhoa/.venv/lib/python3.10/site-packages/py4j/java_gateway.py", line 1038, in send_command
    response = connection.send_command(command)
  File "/home/anhkhoa/.venv/lib/python3.10/site-packages/py4j/clientserver.py", line 539, in send_command
    raise Py4JNetworkError(
py4j.protocol.Py4JNetworkError: Error while sending or receiving
2025-07-11 18:13:56,065 [INFO] Closing down clientserver connection
2025-07-11 18:13:56,946 [INFO] Closing down clientserver connection
2025-07-11 18:17:29,025 [INFO] ✅ Spark connection created successfully.
2025-07-11 18:17:31,203 [INFO] ✅ Selection dataframe created from Kafka stream
2025-07-11 18:17:31,207 [ERROR] Could not create cassandra connection due to getaddrinfo() argument 1 must be string or None
2025-07-11 18:17:31,232 [INFO] Callback Server Starting
2025-07-11 18:17:31,233 [INFO] Socket listening on ('127.0.0.1', 38081)
2025-07-11 18:17:31,570 [INFO] ✅ Streaming started with foreachBatch.
2025-07-11 18:17:33,795 [INFO] Python Server ready to receive messages
2025-07-11 18:17:33,796 [INFO] Received command c on object id p0
2025-07-11 18:19:17,473 [INFO] Received command c on object id p0
2025-07-11 21:19:49,150 [INFO] ✅ Spark connection created successfully.
2025-07-11 21:19:51,328 [INFO] ✅ Selection dataframe created from Kafka stream
2025-07-11 21:19:51,337 [ERROR] Could not create cassandra connection due to getaddrinfo() argument 1 must be string or None
2025-07-11 21:19:51,353 [INFO] Callback Server Starting
2025-07-11 21:19:51,353 [INFO] Socket listening on ('127.0.0.1', 40195)
2025-07-11 21:19:51,621 [INFO] ✅ Streaming started with foreachBatch.
2025-07-11 21:19:53,743 [INFO] Python Server ready to receive messages
2025-07-11 21:19:53,743 [INFO] Received command c on object id p0
2025-07-11 21:20:25,156 [INFO] Received command c on object id p0
2025-07-11 21:20:27,860 [INFO] Received command c on object id p0
2025-07-11 21:20:29,823 [INFO] Received command c on object id p0
2025-07-11 21:20:31,798 [INFO] Received command c on object id p0
2025-07-11 21:20:33,536 [INFO] Received command c on object id p0
2025-07-11 21:20:35,369 [INFO] Received command c on object id p0
2025-07-11 21:20:35,790 [INFO] Received command c on object id p0
2025-07-11 21:20:37,521 [INFO] Received command c on object id p0
2025-07-11 21:20:39,240 [INFO] Received command c on object id p0
2025-07-11 21:20:41,019 [INFO] Received command c on object id p0
2025-07-11 21:20:45,045 [INFO] Error while receiving.
Traceback (most recent call last):
  File "/home/anhkhoa/.venv/lib/python3.10/site-packages/py4j/clientserver.py", line 511, in send_command
    answer = smart_decode(self.stream.readline()[:-1])
RuntimeError: reentrant call inside <_io.BufferedReader name=10>
2025-07-11 21:20:45,090 [INFO] Closing down clientserver connection
2025-07-11 21:20:45,091 [ERROR] Exception while sending command.
Traceback (most recent call last):
  File "/home/anhkhoa/.venv/lib/python3.10/site-packages/py4j/clientserver.py", line 511, in send_command
    answer = smart_decode(self.stream.readline()[:-1])
RuntimeError: reentrant call inside <_io.BufferedReader name=10>

During handling of the above exception, another exception occurred:

Traceback (most recent call last):
  File "/home/anhkhoa/.venv/lib/python3.10/site-packages/py4j/java_gateway.py", line 1038, in send_command
    response = connection.send_command(command)
  File "/home/anhkhoa/.venv/lib/python3.10/site-packages/py4j/clientserver.py", line 539, in send_command
    raise Py4JNetworkError(
py4j.protocol.Py4JNetworkError: Error while sending or receiving
2025-07-11 21:20:45,094 [INFO] Error while receiving.
Traceback (most recent call last):
  File "/home/anhkhoa/.venv/lib/python3.10/site-packages/py4j/clientserver.py", line 511, in send_command
    answer = smart_decode(self.stream.readline()[:-1])
  File "/usr/lib/python3.10/socket.py", line 705, in readinto
    return self._sock.recv_into(b)
  File "/home/anhkhoa/.venv/lib/python3.10/site-packages/pyspark/context.py", line 381, in signal_handler
    self.cancelAllJobs()
  File "/home/anhkhoa/.venv/lib/python3.10/site-packages/pyspark/context.py", line 2446, in cancelAllJobs
    self._jsc.sc().cancelAllJobs()
  File "/home/anhkhoa/.venv/lib/python3.10/site-packages/py4j/java_gateway.py", line 1322, in __call__
    return_value = get_return_value(
  File "/home/anhkhoa/.venv/lib/python3.10/site-packages/pyspark/errors/exceptions/captured.py", line 179, in deco
    return f(*a, **kw)
  File "/home/anhkhoa/.venv/lib/python3.10/site-packages/py4j/protocol.py", line 334, in get_return_value
    raise Py4JError(
py4j.protocol.Py4JError: An error occurred while calling o30.sc
2025-07-11 21:20:45,099 [INFO] Closing down clientserver connection
2025-07-11 21:20:45,099 [ERROR] Exception while sending command.
Traceback (most recent call last):
  File "/home/anhkhoa/.venv/lib/python3.10/site-packages/py4j/clientserver.py", line 511, in send_command
    answer = smart_decode(self.stream.readline()[:-1])
  File "/usr/lib/python3.10/socket.py", line 705, in readinto
    return self._sock.recv_into(b)
  File "/home/anhkhoa/.venv/lib/python3.10/site-packages/pyspark/context.py", line 381, in signal_handler
    self.cancelAllJobs()
  File "/home/anhkhoa/.venv/lib/python3.10/site-packages/pyspark/context.py", line 2446, in cancelAllJobs
    self._jsc.sc().cancelAllJobs()
  File "/home/anhkhoa/.venv/lib/python3.10/site-packages/py4j/java_gateway.py", line 1322, in __call__
    return_value = get_return_value(
  File "/home/anhkhoa/.venv/lib/python3.10/site-packages/pyspark/errors/exceptions/captured.py", line 179, in deco
    return f(*a, **kw)
  File "/home/anhkhoa/.venv/lib/python3.10/site-packages/py4j/protocol.py", line 334, in get_return_value
    raise Py4JError(
py4j.protocol.Py4JError: An error occurred while calling o30.sc

During handling of the above exception, another exception occurred:

Traceback (most recent call last):
  File "/home/anhkhoa/.venv/lib/python3.10/site-packages/py4j/java_gateway.py", line 1038, in send_command
    response = connection.send_command(command)
  File "/home/anhkhoa/.venv/lib/python3.10/site-packages/py4j/clientserver.py", line 539, in send_command
    raise Py4JNetworkError(
py4j.protocol.Py4JNetworkError: Error while sending or receiving
2025-07-11 21:20:45,100 [INFO] Closing down clientserver connection
2025-07-11 21:20:45,770 [INFO] Closing down clientserver connection
2025-07-14 00:07:15,308 [INFO] ✅ Spark connection created successfully.
2025-07-14 00:07:18,741 [INFO] ✅ Selection dataframe created from Kafka stream
2025-07-14 00:07:18,754 [ERROR] Could not create cassandra connection due to getaddrinfo() argument 1 must be string or None
2025-07-14 00:07:18,788 [INFO] Callback Server Starting
2025-07-14 00:07:18,788 [INFO] Socket listening on ('127.0.0.1', 39593)
2025-07-14 00:07:19,252 [INFO] ✅ Streaming started with foreachBatch.
2025-07-14 00:07:22,033 [INFO] Python Server ready to receive messages
2025-07-14 00:07:22,033 [INFO] Received command c on object id p0
2025-07-14 00:08:12,056 [ERROR] There was an exception while executing the Python Proxy on the Python Side.
Traceback (most recent call last):
  File "/home/anhkhoa/.venv/lib/python3.10/site-packages/py4j/clientserver.py", line 617, in _call_proxy
    return_value = getattr(self.pool[obj_id], method)(*params)
  File "/home/anhkhoa/.venv/lib/python3.10/site-packages/pyspark/sql/utils.py", line 120, in call
    raise e
  File "/home/anhkhoa/.venv/lib/python3.10/site-packages/pyspark/sql/utils.py", line 117, in call
    self.func(DataFrame(jdf, wrapped_session_jdf), batch_id)
  File "/home/anhkhoa/spark_video_streaming/src/inference.py", line 137, in <lambda>
    .foreachBatch(lambda batch_df, batch_id: process_batch(batch_df, batch_id, config))
  File "/home/anhkhoa/spark_video_streaming/src/inference.py", line 81, in process_batch
    original_data = batch_df.select("id", "label").collect()
  File "/home/anhkhoa/.venv/lib/python3.10/site-packages/pyspark/sql/dataframe.py", line 3229, in select
    jdf = self._jdf.select(self._jcols(*cols))
  File "/home/anhkhoa/.venv/lib/python3.10/site-packages/py4j/java_gateway.py", line 1322, in __call__
    return_value = get_return_value(
  File "/home/anhkhoa/.venv/lib/python3.10/site-packages/pyspark/errors/exceptions/captured.py", line 185, in deco
    raise converted from None
pyspark.errors.exceptions.captured.AnalysisException: [UNRESOLVED_COLUMN.WITH_SUGGESTION] A column or function parameter with name `id` cannot be resolved. Did you mean one of the following? [`idx`, `url`, `split`, `label`, `video_feat`].;
'Project ['id, label#27]
+- Project [idx#25, url#26, label#27, text_embedding#28, split#29, video_feat#71, extract_audio_features(url#26)#78 AS audio_feat#79]
   +- Project [idx#25, url#26, label#27, text_embedding#28, split#29, extract_video_features(url#26)#70 AS video_feat#71]
      +- LogicalRDD [idx#25, url#26, label#27, text_embedding#28, split#29], false

2025-07-14 00:08:13,787 [INFO] Closing down clientserver connection
2025-07-14 00:09:30,457 [INFO] ✅ Spark connection created successfully.
2025-07-14 00:09:32,987 [INFO] ✅ Selection dataframe created from Kafka stream
2025-07-14 00:09:32,991 [ERROR] Could not create cassandra connection due to getaddrinfo() argument 1 must be string or None
2025-07-14 00:09:33,011 [INFO] Callback Server Starting
2025-07-14 00:09:33,012 [INFO] Socket listening on ('127.0.0.1', 36577)
2025-07-14 00:09:30,538 [INFO] ✅ Streaming started with foreachBatch.
2025-07-14 00:09:31,961 [INFO] Python Server ready to receive messages
2025-07-14 00:09:31,962 [INFO] Received command c on object id p0
2025-07-14 00:10:16,075 [ERROR] There was an exception while executing the Python Proxy on the Python Side.
Traceback (most recent call last):
  File "/home/anhkhoa/.venv/lib/python3.10/site-packages/pyspark/sql/types.py", line 2378, in __getitem__
    idx = self.__fields__.index(item)
ValueError: 'id' is not in list

During handling of the above exception, another exception occurred:

Traceback (most recent call last):
  File "/home/anhkhoa/.venv/lib/python3.10/site-packages/py4j/clientserver.py", line 617, in _call_proxy
    return_value = getattr(self.pool[obj_id], method)(*params)
  File "/home/anhkhoa/.venv/lib/python3.10/site-packages/pyspark/sql/utils.py", line 120, in call
    raise e
  File "/home/anhkhoa/.venv/lib/python3.10/site-packages/pyspark/sql/utils.py", line 117, in call
    self.func(DataFrame(jdf, wrapped_session_jdf), batch_id)
  File "/home/anhkhoa/spark_video_streaming/src/inference.py", line 137, in <lambda>
    .foreachBatch(lambda batch_df, batch_id: process_batch(batch_df, batch_id, config))
  File "/home/anhkhoa/spark_video_streaming/src/inference.py", line 87, in process_batch
    "id": row["id"],
  File "/home/anhkhoa/.venv/lib/python3.10/site-packages/pyspark/sql/types.py", line 2383, in __getitem__
    raise PySparkValueError(item)
pyspark.errors.exceptions.base.PySparkValueError: id
2025-07-14 00:11:04,356 [INFO] ✅ Spark connection created successfully.
2025-07-14 00:11:06,360 [INFO] ✅ Selection dataframe created from Kafka stream
2025-07-14 00:11:06,399 [ERROR] Could not create cassandra connection due to getaddrinfo() argument 1 must be string or None
2025-07-14 00:11:06,434 [INFO] Callback Server Starting
2025-07-14 00:11:06,435 [INFO] Socket listening on ('127.0.0.1', 46359)
2025-07-14 00:11:06,686 [INFO] ✅ Streaming started with foreachBatch.
2025-07-14 00:11:08,181 [INFO] Python Server ready to receive messages
2025-07-14 00:11:08,181 [INFO] Received command c on object id p0
2025-07-14 00:12:35,184 [ERROR] There was an exception while executing the Python Proxy on the Python Side.
Traceback (most recent call last):
  File "/home/anhkhoa/.venv/lib/python3.10/site-packages/py4j/clientserver.py", line 617, in _call_proxy
    return_value = getattr(self.pool[obj_id], method)(*params)
  File "/home/anhkhoa/.venv/lib/python3.10/site-packages/pyspark/sql/utils.py", line 120, in call
    raise e
  File "/home/anhkhoa/.venv/lib/python3.10/site-packages/pyspark/sql/utils.py", line 117, in call
    self.func(DataFrame(jdf, wrapped_session_jdf), batch_id)
  File "/home/anhkhoa/spark_video_streaming/src/inference.py", line 137, in <lambda>
    .foreachBatch(lambda batch_df, batch_id: process_batch(batch_df, batch_id, config))
  File "/home/anhkhoa/spark_video_streaming/src/inference.py", line 90, in process_batch
    "prediction_confidence": float(torch.max(probs[i]).cpu().numpy()),
RuntimeError: Can't call numpy() on Tensor that requires grad. Use tensor.detach().numpy() instead.
2025-07-14 00:12:36,747 [INFO] Closing down clientserver connection
2025-07-14 00:15:49,164 [INFO] ✅ Spark connection created successfully.
2025-07-14 00:15:51,433 [INFO] ✅ Selection dataframe created from Kafka stream
2025-07-14 00:15:51,438 [ERROR] Could not create cassandra connection due to getaddrinfo() argument 1 must be string or None
2025-07-14 00:15:51,455 [INFO] Callback Server Starting
2025-07-14 00:15:51,456 [INFO] Socket listening on ('127.0.0.1', 34327)
2025-07-14 00:15:51,754 [INFO] ✅ Streaming started with foreachBatch.
2025-07-14 00:15:53,124 [INFO] Python Server ready to receive messages
2025-07-14 00:15:53,125 [INFO] Received command c on object id p0
2025-07-14 00:17:44,649 [INFO] Received command c on object id p0
2025-07-14 00:18:33,451 [INFO] Error while receiving.
Traceback (most recent call last):
  File "/home/anhkhoa/.venv/lib/python3.10/site-packages/py4j/clientserver.py", line 511, in send_command
    answer = smart_decode(self.stream.readline()[:-1])
RuntimeError: reentrant call inside <_io.BufferedReader name=10>
2025-07-14 00:18:41,653 [INFO] Closing down clientserver connection
2025-07-14 00:19:12,555 [ERROR] Exception while sending command.
Traceback (most recent call last):
  File "/home/anhkhoa/.venv/lib/python3.10/site-packages/py4j/clientserver.py", line 511, in send_command
    answer = smart_decode(self.stream.readline()[:-1])
RuntimeError: reentrant call inside <_io.BufferedReader name=10>

During handling of the above exception, another exception occurred:

Traceback (most recent call last):
  File "/home/anhkhoa/.venv/lib/python3.10/site-packages/py4j/java_gateway.py", line 1038, in send_command
    response = connection.send_command(command)
  File "/home/anhkhoa/.venv/lib/python3.10/site-packages/py4j/clientserver.py", line 539, in send_command
    raise Py4JNetworkError(
py4j.protocol.Py4JNetworkError: Error while sending or receiving
2025-07-14 00:19:42,438 [INFO] Error while receiving.
Traceback (most recent call last):
  File "/home/anhkhoa/.venv/lib/python3.10/site-packages/py4j/clientserver.py", line 511, in send_command
    answer = smart_decode(self.stream.readline()[:-1])
  File "/usr/lib/python3.10/socket.py", line 705, in readinto
    return self._sock.recv_into(b)
  File "/home/anhkhoa/.venv/lib/python3.10/site-packages/pyspark/context.py", line 381, in signal_handler
    self.cancelAllJobs()
  File "/home/anhkhoa/.venv/lib/python3.10/site-packages/pyspark/context.py", line 2446, in cancelAllJobs
    self._jsc.sc().cancelAllJobs()
  File "/home/anhkhoa/.venv/lib/python3.10/site-packages/py4j/java_gateway.py", line 1322, in __call__
    return_value = get_return_value(
  File "/home/anhkhoa/.venv/lib/python3.10/site-packages/pyspark/errors/exceptions/captured.py", line 179, in deco
    return f(*a, **kw)
  File "/home/anhkhoa/.venv/lib/python3.10/site-packages/py4j/protocol.py", line 334, in get_return_value
    raise Py4JError(
py4j.protocol.Py4JError: An error occurred while calling o30.sc
2025-07-14 00:19:56,097 [INFO] Closing down clientserver connection
2025-07-14 00:19:56,455 [ERROR] Exception while sending command.
Traceback (most recent call last):
  File "/home/anhkhoa/.venv/lib/python3.10/site-packages/py4j/clientserver.py", line 511, in send_command
    answer = smart_decode(self.stream.readline()[:-1])
  File "/usr/lib/python3.10/socket.py", line 705, in readinto
    return self._sock.recv_into(b)
  File "/home/anhkhoa/.venv/lib/python3.10/site-packages/pyspark/context.py", line 381, in signal_handler
    self.cancelAllJobs()
  File "/home/anhkhoa/.venv/lib/python3.10/site-packages/pyspark/context.py", line 2446, in cancelAllJobs
    self._jsc.sc().cancelAllJobs()
  File "/home/anhkhoa/.venv/lib/python3.10/site-packages/py4j/java_gateway.py", line 1322, in __call__
    return_value = get_return_value(
  File "/home/anhkhoa/.venv/lib/python3.10/site-packages/pyspark/errors/exceptions/captured.py", line 179, in deco
    return f(*a, **kw)
  File "/home/anhkhoa/.venv/lib/python3.10/site-packages/py4j/protocol.py", line 334, in get_return_value
    raise Py4JError(
py4j.protocol.Py4JError: An error occurred while calling o30.sc

During handling of the above exception, another exception occurred:

Traceback (most recent call last):
  File "/home/anhkhoa/.venv/lib/python3.10/site-packages/py4j/java_gateway.py", line 1038, in send_command
    response = connection.send_command(command)
  File "/home/anhkhoa/.venv/lib/python3.10/site-packages/py4j/clientserver.py", line 539, in send_command
    raise Py4JNetworkError(
py4j.protocol.Py4JNetworkError: Error while sending or receiving
2025-07-14 00:19:57,589 [INFO] Closing down clientserver connection
2025-07-14 12:07:53,339 [INFO] ✅ Spark connection created successfully.
2025-07-14 12:07:55,595 [INFO] ✅ Selection dataframe created from Kafka stream
2025-07-14 12:07:55,606 [ERROR] Could not create cassandra connection due to getaddrinfo() argument 1 must be string or None
2025-07-14 12:07:55,627 [INFO] Callback Server Starting
2025-07-14 12:07:55,627 [INFO] Socket listening on ('127.0.0.1', 33429)
2025-07-14 12:07:55,882 [INFO] ✅ Streaming started with foreachBatch.
2025-07-14 12:07:57,269 [INFO] Python Server ready to receive messages
2025-07-14 12:07:57,270 [INFO] Received command c on object id p0
2025-07-14 12:08:34,404 [INFO] Received command c on object id p0
2025-07-14 12:08:35,488 [INFO] Received command c on object id p0
2025-07-14 12:08:39,807 [INFO] Received command c on object id p0
2025-07-14 12:08:43,126 [INFO] Received command c on object id p0
2025-07-14 12:08:46,271 [INFO] Received command c on object id p0
2025-07-14 12:08:49,403 [INFO] Received command c on object id p0
2025-07-14 12:08:52,814 [INFO] Received command c on object id p0
2025-07-14 12:08:56,180 [INFO] Received command c on object id p0
2025-07-14 12:08:59,891 [INFO] Received command c on object id p0
2025-07-14 12:10:35,277 [INFO] Error while receiving.
Traceback (most recent call last):
  File "/home/anhkhoa/.venv/lib/python3.10/site-packages/py4j/clientserver.py", line 511, in send_command
    answer = smart_decode(self.stream.readline()[:-1])
RuntimeError: reentrant call inside <_io.BufferedReader name=10>
2025-07-14 12:10:35,291 [INFO] Closing down clientserver connection
2025-07-14 12:10:35,292 [ERROR] Exception while sending command.
Traceback (most recent call last):
  File "/home/anhkhoa/.venv/lib/python3.10/site-packages/py4j/clientserver.py", line 511, in send_command
    answer = smart_decode(self.stream.readline()[:-1])
RuntimeError: reentrant call inside <_io.BufferedReader name=10>

During handling of the above exception, another exception occurred:

Traceback (most recent call last):
  File "/home/anhkhoa/.venv/lib/python3.10/site-packages/py4j/java_gateway.py", line 1038, in send_command
    response = connection.send_command(command)
  File "/home/anhkhoa/.venv/lib/python3.10/site-packages/py4j/clientserver.py", line 539, in send_command
    raise Py4JNetworkError(
py4j.protocol.Py4JNetworkError: Error while sending or receiving
2025-07-14 12:10:35,303 [INFO] Error while receiving.
Traceback (most recent call last):
  File "/home/anhkhoa/.venv/lib/python3.10/site-packages/py4j/clientserver.py", line 511, in send_command
    answer = smart_decode(self.stream.readline()[:-1])
  File "/usr/lib/python3.10/socket.py", line 705, in readinto
    return self._sock.recv_into(b)
  File "/home/anhkhoa/.venv/lib/python3.10/site-packages/pyspark/context.py", line 381, in signal_handler
    self.cancelAllJobs()
  File "/home/anhkhoa/.venv/lib/python3.10/site-packages/pyspark/context.py", line 2446, in cancelAllJobs
    self._jsc.sc().cancelAllJobs()
  File "/home/anhkhoa/.venv/lib/python3.10/site-packages/py4j/java_gateway.py", line 1322, in __call__
    return_value = get_return_value(
  File "/home/anhkhoa/.venv/lib/python3.10/site-packages/pyspark/errors/exceptions/captured.py", line 179, in deco
    return f(*a, **kw)
  File "/home/anhkhoa/.venv/lib/python3.10/site-packages/py4j/protocol.py", line 334, in get_return_value
    raise Py4JError(
py4j.protocol.Py4JError: An error occurred while calling o30.sc
2025-07-14 12:10:35,310 [INFO] Closing down clientserver connection
2025-07-14 12:10:35,310 [ERROR] Exception while sending command.
Traceback (most recent call last):
  File "/home/anhkhoa/.venv/lib/python3.10/site-packages/py4j/clientserver.py", line 511, in send_command
    answer = smart_decode(self.stream.readline()[:-1])
  File "/usr/lib/python3.10/socket.py", line 705, in readinto
    return self._sock.recv_into(b)
  File "/home/anhkhoa/.venv/lib/python3.10/site-packages/pyspark/context.py", line 381, in signal_handler
    self.cancelAllJobs()
  File "/home/anhkhoa/.venv/lib/python3.10/site-packages/pyspark/context.py", line 2446, in cancelAllJobs
    self._jsc.sc().cancelAllJobs()
  File "/home/anhkhoa/.venv/lib/python3.10/site-packages/py4j/java_gateway.py", line 1322, in __call__
    return_value = get_return_value(
  File "/home/anhkhoa/.venv/lib/python3.10/site-packages/pyspark/errors/exceptions/captured.py", line 179, in deco
    return f(*a, **kw)
  File "/home/anhkhoa/.venv/lib/python3.10/site-packages/py4j/protocol.py", line 334, in get_return_value
    raise Py4JError(
py4j.protocol.Py4JError: An error occurred while calling o30.sc

During handling of the above exception, another exception occurred:

Traceback (most recent call last):
  File "/home/anhkhoa/.venv/lib/python3.10/site-packages/py4j/java_gateway.py", line 1038, in send_command
    response = connection.send_command(command)
  File "/home/anhkhoa/.venv/lib/python3.10/site-packages/py4j/clientserver.py", line 539, in send_command
    raise Py4JNetworkError(
py4j.protocol.Py4JNetworkError: Error while sending or receiving
2025-07-14 12:10:35,311 [INFO] Closing down clientserver connection
2025-07-14 12:10:35,921 [INFO] Closing down clientserver connection
2025-07-14 12:22:55,972 [INFO] ✅ Spark connection created successfully.
2025-07-14 12:22:55,235 [INFO] ✅ Selection dataframe created from Kafka stream
2025-07-14 12:22:55,246 [ERROR] Could not create cassandra connection due to getaddrinfo() argument 1 must be string or None
2025-07-14 12:22:55,276 [INFO] Callback Server Starting
2025-07-14 12:22:55,277 [INFO] Socket listening on ('127.0.0.1', 39399)
2025-07-14 12:22:55,540 [INFO] ✅ Streaming started with foreachBatch.
2025-07-14 12:22:57,342 [INFO] Python Server ready to receive messages
2025-07-14 12:22:57,342 [INFO] Received command c on object id p0
2025-07-14 12:27:37,008 [INFO] ✅ Spark connection created successfully.
2025-07-14 12:27:39,128 [INFO] ✅ Selection dataframe created from Kafka stream
2025-07-14 12:27:39,140 [ERROR] Could not create cassandra connection due to getaddrinfo() argument 1 must be string or None
2025-07-14 12:27:39,180 [INFO] Callback Server Starting
2025-07-14 12:27:39,181 [INFO] Socket listening on ('127.0.0.1', 46687)
2025-07-14 12:27:39,506 [INFO] ✅ Streaming started with foreachBatch.
2025-07-14 12:27:40,975 [INFO] Python Server ready to receive messages
2025-07-14 12:27:40,976 [INFO] Received command c on object id p0
2025-07-14 12:28:13,837 [INFO] Received command c on object id p0
2025-07-14 12:28:22,596 [INFO] Received command c on object id p0
2025-07-14 12:28:26,045 [INFO] Received command c on object id p0
2025-07-14 12:28:39,638 [INFO] Error while receiving.
Traceback (most recent call last):
  File "/home/anhkhoa/.venv/lib/python3.10/site-packages/py4j/clientserver.py", line 511, in send_command
    answer = smart_decode(self.stream.readline()[:-1])
RuntimeError: reentrant call inside <_io.BufferedReader name=10>
2025-07-14 12:28:39,649 [INFO] Closing down clientserver connection
2025-07-14 12:28:39,650 [ERROR] Exception while sending command.
Traceback (most recent call last):
  File "/home/anhkhoa/.venv/lib/python3.10/site-packages/py4j/clientserver.py", line 511, in send_command
    answer = smart_decode(self.stream.readline()[:-1])
RuntimeError: reentrant call inside <_io.BufferedReader name=10>

During handling of the above exception, another exception occurred:

Traceback (most recent call last):
  File "/home/anhkhoa/.venv/lib/python3.10/site-packages/py4j/java_gateway.py", line 1038, in send_command
    response = connection.send_command(command)
  File "/home/anhkhoa/.venv/lib/python3.10/site-packages/py4j/clientserver.py", line 539, in send_command
    raise Py4JNetworkError(
py4j.protocol.Py4JNetworkError: Error while sending or receiving
2025-07-14 12:28:39,653 [INFO] Error while receiving.
Traceback (most recent call last):
  File "/home/anhkhoa/.venv/lib/python3.10/site-packages/py4j/clientserver.py", line 511, in send_command
    answer = smart_decode(self.stream.readline()[:-1])
  File "/usr/lib/python3.10/socket.py", line 705, in readinto
    return self._sock.recv_into(b)
  File "/home/anhkhoa/.venv/lib/python3.10/site-packages/pyspark/context.py", line 381, in signal_handler
    self.cancelAllJobs()
  File "/home/anhkhoa/.venv/lib/python3.10/site-packages/pyspark/context.py", line 2446, in cancelAllJobs
    self._jsc.sc().cancelAllJobs()
  File "/home/anhkhoa/.venv/lib/python3.10/site-packages/py4j/java_gateway.py", line 1322, in __call__
    return_value = get_return_value(
  File "/home/anhkhoa/.venv/lib/python3.10/site-packages/pyspark/errors/exceptions/captured.py", line 179, in deco
    return f(*a, **kw)
  File "/home/anhkhoa/.venv/lib/python3.10/site-packages/py4j/protocol.py", line 334, in get_return_value
    raise Py4JError(
py4j.protocol.Py4JError: An error occurred while calling o30.sc
2025-07-14 12:28:39,658 [INFO] Closing down clientserver connection
2025-07-14 12:28:39,658 [ERROR] Exception while sending command.
Traceback (most recent call last):
  File "/home/anhkhoa/.venv/lib/python3.10/site-packages/py4j/clientserver.py", line 511, in send_command
    answer = smart_decode(self.stream.readline()[:-1])
  File "/usr/lib/python3.10/socket.py", line 705, in readinto
    return self._sock.recv_into(b)
  File "/home/anhkhoa/.venv/lib/python3.10/site-packages/pyspark/context.py", line 381, in signal_handler
    self.cancelAllJobs()
  File "/home/anhkhoa/.venv/lib/python3.10/site-packages/pyspark/context.py", line 2446, in cancelAllJobs
    self._jsc.sc().cancelAllJobs()
  File "/home/anhkhoa/.venv/lib/python3.10/site-packages/py4j/java_gateway.py", line 1322, in __call__
    return_value = get_return_value(
  File "/home/anhkhoa/.venv/lib/python3.10/site-packages/pyspark/errors/exceptions/captured.py", line 179, in deco
    return f(*a, **kw)
  File "/home/anhkhoa/.venv/lib/python3.10/site-packages/py4j/protocol.py", line 334, in get_return_value
    raise Py4JError(
py4j.protocol.Py4JError: An error occurred while calling o30.sc

During handling of the above exception, another exception occurred:

Traceback (most recent call last):
  File "/home/anhkhoa/.venv/lib/python3.10/site-packages/py4j/java_gateway.py", line 1038, in send_command
    response = connection.send_command(command)
  File "/home/anhkhoa/.venv/lib/python3.10/site-packages/py4j/clientserver.py", line 539, in send_command
    raise Py4JNetworkError(
py4j.protocol.Py4JNetworkError: Error while sending or receiving
2025-07-14 12:28:39,658 [INFO] Closing down clientserver connection
2025-07-14 12:28:40,146 [INFO] Closing down clientserver connection
